CREATE DATABASE  IF NOT EXISTS `webharvest` /*!40100 DEFAULT CHARACTER SET utf8 */;
USE `webharvest`;
-- MySQL dump 10.13  Distrib 5.6.17, for Win32 (x86)
--
-- Host: localhost    Database: webharvest
-- ------------------------------------------------------
-- Server version	5.0.37-community-nt

/*!40101 SET @OLD_CHARACTER_SET_CLIENT=@@CHARACTER_SET_CLIENT */;
/*!40101 SET @OLD_CHARACTER_SET_RESULTS=@@CHARACTER_SET_RESULTS */;
/*!40101 SET @OLD_COLLATION_CONNECTION=@@COLLATION_CONNECTION */;
/*!40101 SET NAMES utf8 */;
/*!40103 SET @OLD_TIME_ZONE=@@TIME_ZONE */;
/*!40103 SET TIME_ZONE='+00:00' */;
/*!40014 SET @OLD_UNIQUE_CHECKS=@@UNIQUE_CHECKS, UNIQUE_CHECKS=0 */;
/*!40014 SET @OLD_FOREIGN_KEY_CHECKS=@@FOREIGN_KEY_CHECKS, FOREIGN_KEY_CHECKS=0 */;
/*!40101 SET @OLD_SQL_MODE=@@SQL_MODE, SQL_MODE='NO_AUTO_VALUE_ON_ZERO' */;
/*!40111 SET @OLD_SQL_NOTES=@@SQL_NOTES, SQL_NOTES=0 */;

--
-- Not dumping tablespaces as no INFORMATION_SCHEMA.FILES table on this server
--

--
-- Table structure for table `page_data_info`
--

DROP TABLE IF EXISTS `page_data_info`;
/*!40101 SET @saved_cs_client     = @@character_set_client */;
/*!40101 SET character_set_client = utf8 */;
CREATE TABLE `page_data_info` (
  `id` bigint(20) NOT NULL auto_increment,
  `page_url_info_id` bigint(200) NOT NULL,
  `table_group_key` varchar(200) character set latin1 default NULL,
  `row_group_key` varchar(200) character set latin1 default NULL,
  `content` longtext,
  `type` varchar(20) character set latin1 default NULL,
  `extracted_date` varchar(100) character set latin1 default NULL,
  PRIMARY KEY  (`id`)
) ENGINE=InnoDB DEFAULT CHARSET=utf8;
/*!40101 SET character_set_client = @saved_cs_client */;

--
-- Dumping data for table `page_data_info`
--

LOCK TABLES `page_data_info` WRITE;
/*!40000 ALTER TABLE `page_data_info` DISABLE KEYS */;
INSERT INTO `page_data_info` VALUES (1,1,'906bc7ca-3c7f-4349-8682-d2a968b84d8f','8c533337-9fb5-4b88-8a37-14b5a7aceafb','、、','h3','2015-02-21 15:22:38'),(2,1,'906bc7ca-3c7f-4349-8682-d2a968b84d8f','869fff93-666e-40d8-86f7-aded1467440b','图书|http://book.jd.com/','a','2015-02-21 15:22:38'),(3,1,'906bc7ca-3c7f-4349-8682-d2a968b84d8f','54cd80fb-e3d5-43b0-910e-085557316482','音像|http://mvd.jd.com/','a','2015-02-21 15:22:38'),(4,1,'906bc7ca-3c7f-4349-8682-d2a968b84d8f','c2668a3a-e148-4376-9f26-a6670eb6f7de','数字商品|http://e.jd.com/','a','2015-02-21 15:22:38'),(5,1,'906bc7ca-3c7f-4349-8682-d2a968b84d8f','f0468f52-c1ca-4987-b343-3647d4467a64','家用电器|http://channel.jd.com/electronic.html','a','2015-02-21 15:22:38'),(6,1,'906bc7ca-3c7f-4349-8682-d2a968b84d8f','11275ea9-2338-49f7-8192-9be9878cb576','、','h3','2015-02-21 15:22:38'),(7,1,'906bc7ca-3c7f-4349-8682-d2a968b84d8f','9991db33-52a9-4a83-b0b9-217655ab1a7e','手机|http://shouji.jd.com/','a','2015-02-21 15:22:38'),(8,1,'906bc7ca-3c7f-4349-8682-d2a968b84d8f','103b5c10-a72e-4023-a918-0e175961e7cf','数码|http://channel.jd.com/digital.html','a','2015-02-21 15:22:38'),(9,1,'906bc7ca-3c7f-4349-8682-d2a968b84d8f','d3353771-00f2-4412-a72c-1478e0694349','电脑、办公|http://channel.jd.com/computer.html','a','2015-02-21 15:22:38'),(10,1,'906bc7ca-3c7f-4349-8682-d2a968b84d8f','7859adee-7ad0-4c67-ab03-e6b297c534b7','、、、','h3','2015-02-21 15:22:38'),(11,1,'906bc7ca-3c7f-4349-8682-d2a968b84d8f','1cb56089-8e21-4b6b-8253-85d6ce41a742','家居|http://channel.jd.com/home.html','a','2015-02-21 15:22:38'),(12,1,'906bc7ca-3c7f-4349-8682-d2a968b84d8f','c5903dad-8c2c-4763-b855-6cd54cb56540','家具|http://channel.jd.com/furniture.html','a','2015-02-21 15:22:38'),(13,1,'906bc7ca-3c7f-4349-8682-d2a968b84d8f','4aa0b794-0e2a-46aa-bf0c-50b981591051','家装|http://channel.jd.com/decoration.html','a','2015-02-21 15:22:38'),(14,1,'906bc7ca-3c7f-4349-8682-d2a968b84d8f','78e2004e-161c-4f04-b5f0-dbbac9f242c7','厨具|http://channel.jd.com/kitchenware.html','a','2015-02-21 15:22:38'),(15,1,'906bc7ca-3c7f-4349-8682-d2a968b84d8f','1b4a2aab-2f98-447a-a5c6-e74a50ab4541','、、、','h3','2015-02-21 15:22:38'),(16,1,'906bc7ca-3c7f-4349-8682-d2a968b84d8f','a494ff67-3a9d-41b0-8935-c0a1a1a894f3','男装|http://channel.jd.com/1315-1342.html','a','2015-02-21 15:22:38'),(17,1,'906bc7ca-3c7f-4349-8682-d2a968b84d8f','4fb05d74-1798-4c2c-914b-4264601cf801','女装|http://channel.jd.com/1315-1343.html','a','2015-02-21 15:22:38'),(18,1,'906bc7ca-3c7f-4349-8682-d2a968b84d8f','fd78d697-10fc-43a8-bb83-b236165652bb','内衣|http://channel.jd.com/1315-1345.html','a','2015-02-21 15:22:38'),(19,1,'906bc7ca-3c7f-4349-8682-d2a968b84d8f','f6210703-ec65-4895-9205-085fbbf14ec4','珠宝|http://channel.jd.com/jewellery.html','a','2015-02-21 15:22:38'),(20,1,'906bc7ca-3c7f-4349-8682-d2a968b84d8f','79398ed8-41dc-4240-ba68-35ef1056e5d0','个护化妆|http://channel.jd.com/beauty.html','a','2015-02-21 15:22:38'),(21,1,'906bc7ca-3c7f-4349-8682-d2a968b84d8f','c5b3b922-0f54-44f9-a42f-b7167ac5353e','、、、','h3','2015-02-21 15:22:38'),(22,1,'906bc7ca-3c7f-4349-8682-d2a968b84d8f','648f8406-b374-4d53-92ac-7a2c4f09b488','鞋靴|http://channel.jd.com/shoes.html','a','2015-02-21 15:22:38'),(23,1,'906bc7ca-3c7f-4349-8682-d2a968b84d8f','f290de92-52f7-424a-b137-d9cbf464561b','箱包|http://channel.jd.com/bag.html','a','2015-02-21 15:22:38'),(24,1,'906bc7ca-3c7f-4349-8682-d2a968b84d8f','6c778278-6e85-4cc4-9f89-e0b0d6e1f376','钟表|http://channel.jd.com/watch.html','a','2015-02-21 15:22:38'),(25,1,'906bc7ca-3c7f-4349-8682-d2a968b84d8f','39ae07c9-5ce6-4f0f-af2d-215cb08fc302','奢侈品|http://channel.jd.com/1672-2615.html','a','2015-02-21 15:22:38'),(26,1,'906bc7ca-3c7f-4349-8682-d2a968b84d8f','4ec29b81-799d-4dcd-bfcb-3473345e49aa','运动健康|http://channel.jd.com/sports.html','a','2015-02-21 15:22:38'),(27,1,'906bc7ca-3c7f-4349-8682-d2a968b84d8f','952bbb6c-dfff-4432-9203-e802be950644','、','h3','2015-02-21 15:22:38'),(28,1,'906bc7ca-3c7f-4349-8682-d2a968b84d8f','8c8de854-fd1d-413a-b4f3-06a5475c554f','整车|http://channel.jd.com/car.html','a','2015-02-21 15:22:38'),(29,1,'906bc7ca-3c7f-4349-8682-d2a968b84d8f','f57622c3-0a67-4a67-b2b3-ff8e47f97bd8','汽车用品|http://channel.jd.com/auto.html','a','2015-02-21 15:22:38'),(30,1,'906bc7ca-3c7f-4349-8682-d2a968b84d8f','59de1410-466c-4d85-9a3f-cbf59282ad67','、','h3','2015-02-21 15:22:38'),(31,1,'906bc7ca-3c7f-4349-8682-d2a968b84d8f','d24a1ad9-fce7-4ef6-ae25-8abc42351dc2','母婴|http://channel.jd.com/baby.html','a','2015-02-21 15:22:38'),(32,1,'906bc7ca-3c7f-4349-8682-d2a968b84d8f','f400ba1a-00f9-4eb8-b33c-0f589230ba83','玩具乐器|http://channel.jd.com/toys.html','a','2015-02-21 15:22:38'),(33,1,'906bc7ca-3c7f-4349-8682-d2a968b84d8f','04ce1519-1b48-46c7-b4de-d5dafbc04b0c','、、','h3','2015-02-21 15:22:38'),(34,1,'906bc7ca-3c7f-4349-8682-d2a968b84d8f','32274fef-fe96-494c-9e76-2b53881fdb79','食品饮料|http://channel.jd.com/food.html','a','2015-02-21 15:22:38'),(35,1,'906bc7ca-3c7f-4349-8682-d2a968b84d8f','3956718a-c631-4332-92b2-55265d96c68f','酒类|http://channel.jd.com/wine.html','a','2015-02-21 15:22:38'),(36,1,'906bc7ca-3c7f-4349-8682-d2a968b84d8f','c4c2a2e6-91ba-435b-8d75-24a304b3e3b9','生鲜|http://channel.jd.com/freshfood.html','a','2015-02-21 15:22:38'),(37,1,'906bc7ca-3c7f-4349-8682-d2a968b84d8f','d159be87-638b-450b-966e-4ca72356e392','营养保健|http://channel.jd.com/health.html','a','2015-02-21 15:22:38'),(38,1,'906bc7ca-3c7f-4349-8682-d2a968b84d8f','dbca804c-8990-4181-9b10-7d4fa56b8894','、、、','h3','2015-02-21 15:22:38'),(39,1,'906bc7ca-3c7f-4349-8682-d2a968b84d8f','c5337492-5f68-491b-9ef7-f6882bd91b35','彩票|http://caipiao.jd.com/','a','2015-02-21 15:22:39'),(40,1,'906bc7ca-3c7f-4349-8682-d2a968b84d8f','d23a7736-0d16-424f-b053-aba3b7b0b2c4','旅行|http://trip.jd.com/','a','2015-02-21 15:22:39'),(41,1,'906bc7ca-3c7f-4349-8682-d2a968b84d8f','50fcc956-00bb-4704-8285-454e2f39e5e1','充值|http://chongzhi.jd.com/','a','2015-02-21 15:22:39'),(42,1,'906bc7ca-3c7f-4349-8682-d2a968b84d8f','32a25336-370b-4c66-9836-78d6cd69c383','票务|http://piao.jd.com/','a','2015-02-21 15:22:39'),(43,1,'a6785e73-5450-4cf2-8d16-b96b0c706996','7b570701-4f99-4261-812a-af91177929fc','过年不打烊 2小时送到家|http://sale.jd.com/act/UPEc5hBeR6si.html','a','2015-02-21 15:22:39'),(44,1,'a6785e73-5450-4cf2-8d16-b96b0c706996','fe7b3b30-cadd-493f-bf44-0d37fe787f62','京东2015春节运营公告|http://www.jd.com/news.aspx?id=23033','a','2015-02-21 15:22:39'),(45,1,'a6785e73-5450-4cf2-8d16-b96b0c706996','6de3dac9-f123-451b-9bd6-a25be22f3f37','200大牌春节不打烊|http://sale.jd.com/act/azgJFt1nOK.html','a','2015-02-21 15:22:39'),(46,1,'a6785e73-5450-4cf2-8d16-b96b0c706996','50159730-473f-491b-8868-28034f6d4033','http://www.jd.com/news.aspx?id=23031','a','2015-02-21 15:22:39'),(47,1,'a6785e73-5450-4cf2-8d16-b96b0c706996','51bde362-7b17-4e73-8f4d-9d477a5ac4fd','关于假冒客服诈骗的声明','font','2015-02-21 15:22:39'),(48,1,'a6785e73-5450-4cf2-8d16-b96b0c706996','195fbed9-eb59-4ffa-a17e-32e077f7ba4c','60万图书低至5折|http://sale.jd.com/mall/4PnzvQdAN5FZt.html','a','2015-02-21 15:22:39'),(49,1,'a6785e73-5450-4cf2-8d16-b96b0c706996','80df5d98-70aa-4c93-9aba-fbceda68e97b','京东售后春节体验升级|http://www.jd.com/news.aspx?id=23029','a','2015-02-21 15:22:39'),(50,1,'a6785e73-5450-4cf2-8d16-b96b0c706996','91aebba5-45cf-4af7-898e-84888ce17d83','团购不打烊品牌1折起|http://sale.jd.com/act/2rL3DyBN0Ijdvzp.htm','a','2015-02-21 15:22:39'),(51,1,'a6785e73-5450-4cf2-8d16-b96b0c706996','365b4cee-273b-4fe8-982b-04b9a3dcdcd0','返程机票 特价1折起|http://sale.jd.com/act/vuzApoW0CgLkTZNe.html','a','2015-02-21 15:22:39'),(52,1,'838f0164-6667-443d-9b11-f56e37bf6962','62c0a99f-209a-4c3f-9855-f999e74fd9ce','×|http://jd.com/#none','a','2015-02-21 15:22:39'),(53,1,'251d7727-6226-4b4d-a93b-86922854b895','c4c0a9f0-5ebe-4982-8da9-b7a412e184d8','http://pinpaijie.jd.com/brandstreet/pc/index.html?filt_type=100120&data_cat=1','a','2015-02-21 15:22:39'),(54,1,'251d7727-6226-4b4d-a93b-86922854b895','6541e088-512f-4b0b-9a4d-ebf23d616bac','品牌街','h3','2015-02-21 15:22:39'),(55,1,'251d7727-6226-4b4d-a93b-86922854b895','16a1a887-c2bf-4889-812d-72401267e1c5','5寸四核靓机|http://pinpaijie.jd.com/brandstreet/pc/index.html?filt_type=100120&data_cat=1','a','2015-02-21 15:22:39'),(56,1,'251d7727-6226-4b4d-a93b-86922854b895','1bf6a8e9-a4f7-470d-93a4-acf9b3b6b32c','全场低至499','b','2015-02-21 15:22:39'),(57,1,'251d7727-6226-4b4d-a93b-86922854b895','d1f4c2aa-bc67-46e2-83fc-51594e2381f2','更多品牌','li','2015-02-21 15:22:39'),(58,1,'251d7727-6226-4b4d-a93b-86922854b895','523fa0bc-f58b-4ac5-9c0f-0a5af4d544f2','进入品牌街','li','2015-02-21 15:22:39'),(59,1,'251d7727-6226-4b4d-a93b-86922854b895','1410eaaf-f00f-40d3-9953-7fdfd2364cb2','http://pinpaijie.jd.com/brandstreet/pc/index.html?filt_type=100120&data_cat=1','a','2015-02-21 15:22:39'),(60,1,'251d7727-6226-4b4d-a93b-86922854b895','6f0e9334-6e08-4d87-bf1d-a703ad8ccd65','http://img10.360buyimg.com/vclist/jfs/t1231/91/24432478/29463/52c90ac0/54e4ca93N6e585292.jpg','img','2015-02-21 15:22:39'),(61,1,'251d7727-6226-4b4d-a93b-86922854b895','7adf0f8a-b377-465f-bedb-5e9758cf2acc','http://sale.jd.com/act/s8IjEamJUowF.html','a','2015-02-21 15:22:39'),(62,1,'251d7727-6226-4b4d-a93b-86922854b895','3ec17b8e-02e1-4b03-b379-a0beeaa8391a','天天低价','h3','2015-02-21 15:22:39'),(63,1,'251d7727-6226-4b4d-a93b-86922854b895','05fdc8cc-aeac-4fd3-b8cd-3bd163d996da','神舟笔记本|http://sale.jd.com/act/s8IjEamJUowF.html','a','2015-02-21 15:22:39'),(64,1,'251d7727-6226-4b4d-a93b-86922854b895','1b7b0ecd-1ae1-49ad-99da-83275e7ad8dc','直降500元秒杀','b','2015-02-21 15:22:39'),(65,1,'251d7727-6226-4b4d-a93b-86922854b895','5e7170c3-b27a-4d9f-bdee-c214437fdbae','http://sale.jd.com/act/s8IjEamJUowF.html','a','2015-02-21 15:22:39'),(66,1,'251d7727-6226-4b4d-a93b-86922854b895','a92ac39a-a20e-4465-8dec-ab0d49f29430','http://img10.360buyimg.com/vclist/jfs/t1162/260/12046226/10666/a9e04127/54dd5ba1N95ecbeb0.jpg','img','2015-02-21 15:22:39'),(67,1,'251d7727-6226-4b4d-a93b-86922854b895','d0c114b6-14b9-4ea1-b550-8785e7702826','http://sale.jd.com/mag.html','a','2015-02-21 15:22:39'),(68,1,'251d7727-6226-4b4d-a93b-86922854b895','77a9a9fc-960e-47ca-92eb-bc0fb88a90f5','好东西','h3','2015-02-21 15:22:39'),(69,1,'251d7727-6226-4b4d-a93b-86922854b895','1646e1aa-3648-42de-b607-c0eb8cb1f46f','乐范魔力贴|http://sale.jd.com/mag.html','a','2015-02-21 15:22:39'),(70,1,'251d7727-6226-4b4d-a93b-86922854b895','e720e1d2-55d9-403d-b2c8-3a2fad076ffa','智能便携按摩','b','2015-02-21 15:22:39'),(71,1,'251d7727-6226-4b4d-a93b-86922854b895','abb83bd8-11da-4ce6-af1d-17615227e2f8','小编大拜年','li','2015-02-21 15:22:39'),(72,1,'251d7727-6226-4b4d-a93b-86922854b895','717259be-cdb4-46f2-8559-dd350aae6fe6','逛更多>','li','2015-02-21 15:22:39'),(73,1,'251d7727-6226-4b4d-a93b-86922854b895','ae334496-6501-4b48-8121-c621c0fb9c1d','http://sale.jd.com/mag.html','a','2015-02-21 15:22:39'),(74,1,'251d7727-6226-4b4d-a93b-86922854b895','8f8dbf9f-0618-4e6a-b451-b0663f74d9cc','http://img10.360buyimg.com/vclist/jfs/t1054/117/11620993/20122/ea3bff79/54ddff0cNd242a7da.jpg','img','2015-02-21 15:22:39'),(75,1,'251d7727-6226-4b4d-a93b-86922854b895','68e036f4-e83a-4d03-9192-5fc78a808934','http://tuan.jd.com/homevirtual-beijing.html','a','2015-02-21 15:22:39'),(76,1,'251d7727-6226-4b4d-a93b-86922854b895','3a39cd85-1d5d-4710-8666-fa6919f47ac6','今日团购','h3','2015-02-21 15:22:39'),(77,1,'251d7727-6226-4b4d-a93b-86922854b895','1fcb23be-57ea-428e-9dc6-f9a9afcfbf19','100元代金券|http://tuan.jd.com/homevirtual-beijing.html','a','2015-02-21 15:22:39'),(78,1,'251d7727-6226-4b4d-a93b-86922854b895','5a5f823d-b137-4490-9ea7-7f9adf662119','http://tuan.jd.com/homevirtual-beijing.html','a','2015-02-21 15:22:39'),(79,1,'251d7727-6226-4b4d-a93b-86922854b895','e119e42d-e6fe-4d06-b707-292f1dc680b3','团购价','em','2015-02-21 15:22:39'),(80,1,'251d7727-6226-4b4d-a93b-86922854b895','86103757-a771-43c1-b25a-b7945c186296','￥85','strong','2015-02-21 15:22:39'),(81,1,'251d7727-6226-4b4d-a93b-86922854b895','230525f3-cc16-4f0c-a29c-a6e5238149e2','http://tuan.jd.com/homevirtual-beijing.html','a','2015-02-21 15:22:39'),(82,1,'251d7727-6226-4b4d-a93b-86922854b895','c3c6d3bc-7d5e-4eaf-8365-559b5c598e73','http://img10.360buyimg.com/vclist/jfs/t1045/50/9476740/29563/24f8bda2/54dc7c0aN200734e0.png','img','2015-02-21 15:22:39'),(83,1,'251d7727-6226-4b4d-a93b-86922854b895','1a85cd9a-726d-4014-a660-233297d0ddec','http://sale.jd.com/act/SW0BJoR614mZ.html','a','2015-02-21 15:22:39'),(84,1,'251d7727-6226-4b4d-a93b-86922854b895','f5b64f95-05d7-4969-830a-79bbf734380b','京东首发','h3','2015-02-21 15:22:39'),(85,1,'251d7727-6226-4b4d-a93b-86922854b895','269564f3-dee5-4e06-9853-41e830e86260','moto g|http://sale.jd.com/act/SW0BJoR614mZ.html','a','2015-02-21 15:22:39'),(86,1,'251d7727-6226-4b4d-a93b-86922854b895','28a477eb-bd3c-44eb-8f30-2b0be1717174','享新年传情礼','b','2015-02-21 15:22:39'),(87,1,'251d7727-6226-4b4d-a93b-86922854b895','9fac01e0-3481-41c7-8df0-59def790b872','http://sale.jd.com/act/SW0BJoR614mZ.html','a','2015-02-21 15:22:39'),(88,1,'251d7727-6226-4b4d-a93b-86922854b895','3e7f5f25-fd65-4a73-a49f-6c9ea7920d1f','http://img10.360buyimg.com/vclist/jfs/t775/231/775104558/41560/4d7e4ab0/54dd76d4N66370a6e.jpg','img','2015-02-21 15:22:39'),(89,1,'251d7727-6226-4b4d-a93b-86922854b895','819a2e71-f232-479d-b59e-1fcd177ad93d','http://pinpaijie.jd.com/quan.html','a','2015-02-21 15:22:39'),(90,1,'251d7727-6226-4b4d-a93b-86922854b895','5b4e4092-763f-4b4f-affa-aa5fba60fcf5','优惠券','h3','2015-02-21 15:22:39'),(91,1,'251d7727-6226-4b4d-a93b-86922854b895','9da8d710-809c-44b6-ad3c-f4b8902b49e9','运动新春汇|http://pinpaijie.jd.com/quan.html','a','2015-02-21 15:22:39'),(92,1,'251d7727-6226-4b4d-a93b-86922854b895','6a93dafe-1ffd-45b1-b2f5-8a2da721054b','神劵免费领','b','2015-02-21 15:22:39'),(93,1,'251d7727-6226-4b4d-a93b-86922854b895','7b02dcd1-1e32-45c6-90bd-91396d119355','http://pinpaijie.jd.com/quan.html','a','2015-02-21 15:22:39'),(94,1,'251d7727-6226-4b4d-a93b-86922854b895','40f8bf18-1ff3-4fe3-bb81-9ad4144571c3','http://img10.360buyimg.com/vclist/jfs/t793/7/10135221/31145/bb0b4d45/54dc8572N7cf7f715.jpg','img','2015-02-21 15:22:39'),(95,1,'251d7727-6226-4b4d-a93b-86922854b895','487159e8-4014-495b-838c-baecd6658e77','http://yushou.jd.com','a','2015-02-21 15:22:39'),(96,1,'251d7727-6226-4b4d-a93b-86922854b895','5159e031-569a-4094-9d15-cf3ecdc3a026','京东预售','h3','2015-02-21 15:22:39'),(97,1,'251d7727-6226-4b4d-a93b-86922854b895','eb7c580f-fd15-489d-9351-ce197b010cd9','逸客雷霆战神|http://yushou.jd.com','a','2015-02-21 15:22:39'),(98,1,'251d7727-6226-4b4d-a93b-86922854b895','b43266c5-cd79-4fe2-bab9-7f8708799c47','新春阶梯减','b','2015-02-21 15:22:39'),(99,1,'251d7727-6226-4b4d-a93b-86922854b895','3d75147e-09e7-459e-9b9c-fc58d15a79da','http://yushou.jd.com','a','2015-02-21 15:22:39'),(100,1,'251d7727-6226-4b4d-a93b-86922854b895','b372c01d-41c1-460c-a416-d1a1ca084c92','http://img10.360buyimg.com/vclist/jfs/t811/25/12579952/9430/d11fa837/54dd563fN93761960.jpg','img','2015-02-21 15:22:39'),(101,1,'251d7727-6226-4b4d-a93b-86922854b895','ffb77e0c-5b38-4efd-821b-e11d28c936f6','http://jr.jd.com/svip/','a','2015-02-21 15:22:39'),(102,1,'251d7727-6226-4b4d-a93b-86922854b895','31ae7629-79e3-469f-bbc4-d25c5002a603','金融精选','h3','2015-02-21 15:22:39'),(103,1,'251d7727-6226-4b4d-a93b-86922854b895','79ca1b77-5fd8-4a83-a658-d76c6c0a491e','打白条0元购|http://jr.jd.com/svip/','a','2015-02-21 15:22:39'),(104,1,'251d7727-6226-4b4d-a93b-86922854b895','976096df-6ad2-46ab-b125-73a9b4f87a53','iPhone 6分期购','b','2015-02-21 15:22:39'),(105,1,'251d7727-6226-4b4d-a93b-86922854b895','01fd249d-2c52-4397-a8b0-9c3f7fd10aa1','http://jr.jd.com/svip/','a','2015-02-21 15:22:40'),(106,1,'251d7727-6226-4b4d-a93b-86922854b895','23aa0086-dc1b-4281-9922-d6e044b38215','http://img10.360buyimg.com/vclist/jfs/t850/122/19592034/15854/17d0164f/54e1588dN3f1c4b01.jpg','img','2015-02-21 15:22:40'),(107,1,'251d7727-6226-4b4d-a93b-86922854b895','d1f78a32-2eaa-4a93-9753-4d47d5ae2d05','http://c.nfa.jd.com/adclick?sid=2&cid=601&aid=5946&bid=9022&unit=96518&advid=173230&guv=&url=http://sale.jd.com/act/xj78SzJm5pMNWl.html','a','2015-02-21 15:22:40'),(108,1,'251d7727-6226-4b4d-a93b-86922854b895','083b2568-333e-4080-9a00-9a7917a88bbc','http://img14.360buyimg.com/da/jfs/t1054/255/11892382/10805/5e2eed7d/54ddc0c5Na6e2e249.jpg','img','2015-02-21 15:22:40'),(109,1,'251d7727-6226-4b4d-a93b-86922854b895','c8c06c14-5524-4674-b67c-e62bc5f47efe','http://c.nfa.jd.com/adclick?sid=2&cid=601&aid=5946&bid=9022&unit=96519&advid=173188&guv=&url=http://sale.jd.com/act/s0D57th4vMl.html','a','2015-02-21 15:22:40'),(110,1,'251d7727-6226-4b4d-a93b-86922854b895','f2c7cbfa-52f0-4f74-ac32-209591b5f43c','http://img20.360buyimg.com/da/jfs/t571/116/1422620349/7969/5735c665/54ddad90N416346ac.jpg','img','2015-02-21 15:22:40'),(111,1,'251d7727-6226-4b4d-a93b-86922854b895','dc11ece4-da75-4b4f-9c41-fa018e55b5aa','http://c.nfa.jd.com/adclick?sid=2&cid=601&aid=5946&bid=0&unit=96520&advid=154220&guv=&url=http://pinpaijie.jd.com/brandStreet/brandStreetList/1476_5222.html','a','2015-02-21 15:22:40'),(112,1,'251d7727-6226-4b4d-a93b-86922854b895','eca81f2d-311f-4564-a10b-69501360b1bd','http://img11.360buyimg.com/da/jfs/t991/199/23595381/8567/b7c16c03/54dffb61N52130b08.jpg','img','2015-02-21 15:22:40'),(113,1,'251d7727-6226-4b4d-a93b-86922854b895','0704ef8f-0e51-454f-9030-efb5016462b0','\'+\'|http://jd.com/\'+c.href+\'','a','2015-02-21 15:22:40'),(114,1,'251d7727-6226-4b4d-a93b-86922854b895','3c6c7ed6-8faa-4f3a-9c56-f6b05a3f0feb','\'+\'|\'+c.srcB+\'','img','2015-02-21 15:22:40'),(115,1,'251d7727-6226-4b4d-a93b-86922854b895','afd1684b-d515-436d-b6a5-fdc6f1e099c9','\'+\'|http://jd.com/\'+c.href+\'','a','2015-02-21 15:22:40'),(116,1,'251d7727-6226-4b4d-a93b-86922854b895','909e2f10-e000-49e9-ae6d-10cde18e5f51','\'+\'|\'+c.srcB+\'','img','2015-02-21 15:22:40'),(117,1,'251d7727-6226-4b4d-a93b-86922854b895','faf696b7-e532-4cee-bcf4-3f5d8ec20788','\'+\'|http://jd.com/\'+c.href+\'','a','2015-02-21 15:22:40'),(118,1,'251d7727-6226-4b4d-a93b-86922854b895','01279509-17df-4c33-b787-702bfe0da6bf','\'+\'|\'+c.srcB+\'','img','2015-02-21 15:22:40'),(119,1,'81476089-e47e-471e-8335-c83113ec2804','dbf078c9-04df-449d-b7e0-58b85787e659','手机|http://list.jd.com/list.html?cat=9987,653,655&&jth=y','a','2015-02-21 15:22:40'),(120,1,'81476089-e47e-471e-8335-c83113ec2804','55b6eb7d-978d-4011-908c-9eeb4bc6b6df','空调|http://www.jd.com/products/737-794-870-0-0-0-0-0-0-0-1-1-1-1-33.html','a','2015-02-21 15:22:40'),(121,1,'81476089-e47e-471e-8335-c83113ec2804','60d18dfc-a93b-4898-afc8-aff0ac104382','手机配件|http://www.360buy.com/products/652-830-000.html','a','2015-02-21 15:22:40'),(122,1,'81476089-e47e-471e-8335-c83113ec2804','c5f8433a-872a-4d37-a252-345518c63352','平板电视|http://www.jd.com/products/737-794-798-0-0-0-0-0-0-0-1-1-1-1-72-33.html','a','2015-02-21 15:22:40'),(123,1,'81476089-e47e-471e-8335-c83113ec2804','a3ff9dde-70d2-4517-b42d-2e41c69c805a','话费补贴|http://channel.jd.com/yunyingshang.html','a','2015-02-21 15:22:40'),(124,1,'81476089-e47e-471e-8335-c83113ec2804','35040502-46e9-487d-9c84-77e3b3beeddb','冰箱|http://www.jd.com/products/737-794-878-0-0-0-0-0-0-0-1-1-1-1-72-33.html','a','2015-02-21 15:22:40'),(125,1,'81476089-e47e-471e-8335-c83113ec2804','a4838ce6-a30c-4470-b7ae-0189308ecd3b','生活电器|http://www.jd.com/products/737-738-000.html','a','2015-02-21 15:22:40'),(126,1,'81476089-e47e-471e-8335-c83113ec2804','767e8f96-8a49-4d20-a749-9ff057c9f62a','洗衣机|http://www.jd.com/products/737-794-880-0-0-0-0-0-0-0-1-1-1-1-72-33.html','a','2015-02-21 15:22:40'),(127,1,'81476089-e47e-471e-8335-c83113ec2804','5e01f341-0d9f-408b-83b1-641aba974621','厨房电器|http://www.jd.com/products/737-752-000.html','a','2015-02-21 15:22:40'),(128,1,'81476089-e47e-471e-8335-c83113ec2804','477cf03d-be00-4d9e-bebe-3e2547df0a54','热水器|http://www.jd.com/products/737-794-1706-0-0-0-0-0-0-0-1-1-1-1-72-33.html','a','2015-02-21 15:22:40'),(129,1,'81476089-e47e-471e-8335-c83113ec2804','6e383986-6897-495a-b0df-7c18a4fd87fd','个护健康|http://www.jd.com/products/737-1276-000.html','a','2015-02-21 15:22:40'),(130,1,'81476089-e47e-471e-8335-c83113ec2804','05f151bd-f2ad-4752-b294-cf26c235eac0','烟机/灶具|http://www.jd.com/products/737-794-1300-0-0-0-0-0-0-0-1-1-1-1-72-33.html','a','2015-02-21 15:22:40'),(131,1,'81476089-e47e-471e-8335-c83113ec2804','c7310899-8e37-4120-9ce6-3962287ffa58','五金家装|http://www.jd.com/products/737-1277-000.html','a','2015-02-21 15:22:40'),(132,1,'81476089-e47e-471e-8335-c83113ec2804','a74595c2-b07a-4287-91e5-52720d34a905','家庭影院|http://www.jd.com/products/737-794-823-0-0-0-0-0-0-0-1-1-1-1-72-33.html','a','2015-02-21 15:22:40'),(133,1,'81476089-e47e-471e-8335-c83113ec2804','5beb7f3a-1e4d-401d-95ac-2b2d6ed51f0d','冷柜/冰吧|http://list.jd.com/list.html?cat=737,794,12392','a','2015-02-21 15:22:40'),(134,1,'81476089-e47e-471e-8335-c83113ec2804','9c047133-0731-452c-866b-e64625e14d29','汽车用品|http://channel.jd.com/auto.html','a','2015-02-21 15:22:40'),(135,1,'81476089-e47e-471e-8335-c83113ec2804','c2bc4348-b2b5-4e1d-a1df-1b0247ba4011','http://c.nfa.jd.com/adclick?sid=2&cid=601&aid=3624&bid=0&unit=75237&advid=152637&guv=&url=http://sale.jd.com/act/6DG0yoEwZTUOzM4.html','a','2015-02-21 15:22:40'),(136,1,'81476089-e47e-471e-8335-c83113ec2804','ba4d519d-79d3-4661-866f-2c19ff777a9e','http://img11.360buyimg.com/da/jfs/t1198/241/18344053/11823/6ebf4324/54e2ad08N6ab6fd61.jpg','img','2015-02-21 15:22:40'),(137,1,'54be7b8a-333d-4d0b-8086-c1bca654f9bd','f8291248-deef-4285-ae0f-cead44eac97b','游戏本|http://list.jd.com/670-671-1105-0-0-0-0-0-0-0-1-1-1-1-1-2800-2850-0.html','a','2015-02-21 15:22:40'),(138,1,'54be7b8a-333d-4d0b-8086-c1bca654f9bd','68446a4e-474f-4478-84d2-95c7c65a4746','数码相机|http://www.360buy.com/products/652-654-831.html','a','2015-02-21 15:22:40'),(139,1,'54be7b8a-333d-4d0b-8086-c1bca654f9bd','1fb22013-c18a-43b1-aac0-68a74984c2c1','笔记本|http://www.360buy.com/products/670-671-672.html','a','2015-02-21 15:22:40'),(140,1,'54be7b8a-333d-4d0b-8086-c1bca654f9bd','0da4a09b-33b0-4634-a7fb-95155e2e2373','单反相机|http://www.360buy.com/products/652-654-832.html','a','2015-02-21 15:22:40'),(141,1,'54be7b8a-333d-4d0b-8086-c1bca654f9bd','0fb60950-5d81-4f56-a4a5-9adbabdc3eab','平板电脑|http://www.360buy.com/products/670-671-2694.html','a','2015-02-21 15:22:40'),(142,1,'54be7b8a-333d-4d0b-8086-c1bca654f9bd','82067794-0415-42f3-aa62-c56d2afb709d','台式电脑|http://www.360buy.com/products/670-671-673.html','a','2015-02-21 15:22:40'),(143,1,'54be7b8a-333d-4d0b-8086-c1bca654f9bd','a3e80b38-754a-4f1d-be81-53f50cfdd9e7','打印机|http://www.360buy.com/products/670-716-000.html','a','2015-02-21 15:22:40'),(144,1,'54be7b8a-333d-4d0b-8086-c1bca654f9bd','bd42e009-0cf5-4478-9ffe-9572c7fdd8bb','移动硬盘|http://list.jd.com/670-686-693-0-0-0-0-0-0-0-1-1-1-1-1-2800-2850-0.html','a','2015-02-21 15:22:40'),(145,1,'54be7b8a-333d-4d0b-8086-c1bca654f9bd','c65b0706-8bba-4778-89cd-4558ab099c9e','鼠标|http://list.jd.com/670-686-690-0-0-0-0-0-0-0-1-1-1-1-1-2800-2850-0.html','a','2015-02-21 15:22:40'),(146,1,'54be7b8a-333d-4d0b-8086-c1bca654f9bd','f1d8c275-44da-452b-914e-09bc5d3a603a','耳机/耳麦|http://list.jd.com/652-828-842-0-0-0-0-0-0-0-1-1-1-1-1-72-4137-0.html','a','2015-02-21 15:22:40'),(147,1,'54be7b8a-333d-4d0b-8086-c1bca654f9bd','d26644b6-fc9f-4f42-a3a4-bd1ae5c281a5','路由器|http://www.360buy.com/products/670-699-700.html','a','2015-02-21 15:22:40'),(148,1,'54be7b8a-333d-4d0b-8086-c1bca654f9bd','95930eb6-20eb-4fbe-945f-cbd4442baa06','办公文仪|http://www.360buy.com/products/670-729-000.html','a','2015-02-21 15:22:40'),(149,1,'54be7b8a-333d-4d0b-8086-c1bca654f9bd','afbcaae6-2c2a-4673-ab14-c16c26b76de5','显示器|http://www.360buy.com/products/670-677-688.html','a','2015-02-21 15:22:40'),(150,1,'54be7b8a-333d-4d0b-8086-c1bca654f9bd','290d18c9-9f25-4591-b856-f8573051b0d0','移动电源|http://list.jd.com/652-829-1219-0-0-0-0-0-0-0-1-1-1-1-1-2800-2850-0.html','a','2015-02-21 15:22:40'),(151,1,'54be7b8a-333d-4d0b-8086-c1bca654f9bd','9bfbdc96-8e29-45bb-9e1a-8b403005da2f','CPU|http://www.360buy.com/products/670-677-678.html','a','2015-02-21 15:22:40'),(152,1,'54be7b8a-333d-4d0b-8086-c1bca654f9bd','5420427d-942a-472b-b9fd-6d22e9c70f81','显卡|http://list.jd.com/670-677-679.html','a','2015-02-21 15:22:40'),(153,1,'54be7b8a-333d-4d0b-8086-c1bca654f9bd','7bb72391-0449-4ca6-8b1c-fbe83c3b2e06','http://c.nfa.jd.com/adclick?sid=2&cid=601&aid=3618&bid=0&unit=75234&advid=172215&guv=&url=http://sale.jd.com/act/jDr4lsecqd8nv.html','a','2015-02-21 15:22:40'),(154,1,'54be7b8a-333d-4d0b-8086-c1bca654f9bd','14be48c4-90b1-4fd2-baeb-5efe4b316a01','http://img13.360buyimg.com/da/jfs/t745/18/786946798/8827/bae843a/54e28a66N373c72c8.jpg','img','2015-02-21 15:22:40'),(155,1,'c2268152-512d-4cf5-9bbc-886ca186cb6f','7a71a76f-4200-4474-aabc-c48e8892696b','男装|http://www.360buy.com/products/1315-1342-000.html','a','2015-02-21 15:22:40'),(156,1,'c2268152-512d-4cf5-9bbc-886ca186cb6f','b43b3799-395a-4070-ae2c-5def596d9e4c','女装|http://www.360buy.com/products/1315-1343-000.html','a','2015-02-21 15:22:40'),(157,1,'c2268152-512d-4cf5-9bbc-886ca186cb6f','3926e2ff-c23e-45ad-9cdb-d78aae7cb872','服装配饰|http://channel.jd.com/1315-1346.html','a','2015-02-21 15:22:40'),(158,1,'c2268152-512d-4cf5-9bbc-886ca186cb6f','deed3368-7b57-4c8b-b670-caf8c9eec290','内衣|http://www.360buy.com/products/1315-1345-000.html','a','2015-02-21 15:22:40'),(159,1,'c2268152-512d-4cf5-9bbc-886ca186cb6f','0bcaa6c0-65fe-4ba3-924b-265dfabba310','女鞋|http://www.360buy.com/products/1315-6905-000.html','a','2015-02-21 15:22:40'),(160,1,'c2268152-512d-4cf5-9bbc-886ca186cb6f','9e7a56e8-352b-4050-8244-32236094f6ab','男鞋|http://www.360buy.com/products/1315-6904-000.html','a','2015-02-21 15:22:40'),(161,1,'c2268152-512d-4cf5-9bbc-886ca186cb6f','69eb55df-fd2d-4779-822d-e5ed3420c8a6','设计师|http://channel.jd.com/designer.html','a','2015-02-21 15:22:40'),(162,1,'c2268152-512d-4cf5-9bbc-886ca186cb6f','2463fc2b-a548-4930-a170-9f5fce276843','功能箱包|http://www.360buy.com/products/1672-2577-000.html','a','2015-02-21 15:22:40'),(163,1,'c2268152-512d-4cf5-9bbc-886ca186cb6f','839809aa-5e3e-4c14-8b63-a8414403c4ba','潮流女包|http://www.360buy.com/products/1672-2575-000.html','a','2015-02-21 15:22:40'),(164,1,'c2268152-512d-4cf5-9bbc-886ca186cb6f','2b43aeeb-d52b-4a6c-acdb-f1c9c51b9ead','时尚男包|http://www.360buy.com/products/1672-2576-000.html','a','2015-02-21 15:22:40'),(165,1,'c2268152-512d-4cf5-9bbc-886ca186cb6f','138c9315-91c7-408a-abba-4456527d08c3','户外鞋服|http://www.360buy.com/products/1318-2628-000.html','a','2015-02-21 15:22:40'),(166,1,'c2268152-512d-4cf5-9bbc-886ca186cb6f','d3245349-ebc8-4728-be32-80720e733ceb','户外装备|http://www.360buy.com/products/1318-1462-000.html','a','2015-02-21 15:22:40'),(167,1,'c2268152-512d-4cf5-9bbc-886ca186cb6f','a5410523-a439-472c-977f-5e244cb43801','运动器械|http://www.360buy.com/products/1318-1463-000.html','a','2015-02-21 15:22:40'),(168,1,'c2268152-512d-4cf5-9bbc-886ca186cb6f','b162c520-bf2c-47e6-b1a6-46c4386ba230','新版运动馆|http://channel.jd.com/yundong.html','a','2015-02-21 15:22:40'),(169,1,'c2268152-512d-4cf5-9bbc-886ca186cb6f','b66de2e6-bd00-4a94-914f-55a4147a25a1','http://c.nfa.jd.com/adclick?sid=2&cid=601&aid=3629&bid=0&unit=75239&advid=112796&guv=&url=http://channel.jd.com/1315-1343.html','a','2015-02-21 15:22:40'),(170,1,'c2268152-512d-4cf5-9bbc-886ca186cb6f','98c6cd2c-bd87-46d2-a6a8-8fc42b8ac684','http://img13.360buyimg.com/da/jfs/t697/108/392362112/52427/c2f189d1/54aca226N0e66cf68.jpg','img','2015-02-21 15:22:40'),(171,1,'e60fb2be-bef8-4e42-a057-ab87bf7c7248','86c81714-f89b-4c26-bf2e-63017cbd88ab','面部护肤|http://channel.jd.com/1316-1381.html','a','2015-02-21 15:22:40'),(172,1,'e60fb2be-bef8-4e42-a057-ab87bf7c7248','df937e84-22c4-43e2-9688-b0789413cfe8','瑞士名表|http://channel.jd.com/5025-5026.html','a','2015-02-21 15:22:40'),(173,1,'e60fb2be-bef8-4e42-a057-ab87bf7c7248','60f65c36-3939-4709-8d85-657842d51533','彩妆香水|http://channel.jd.com/1316-1387.html','a','2015-02-21 15:22:40'),(174,1,'e60fb2be-bef8-4e42-a057-ab87bf7c7248','4af080fb-e13c-449b-b528-624d89113bf7','国产名表|http://channel.jd.com/5025-5027.html','a','2015-02-21 15:22:40'),(175,1,'e60fb2be-bef8-4e42-a057-ab87bf7c7248','617efcef-f63b-4177-9c0b-b0b2f7683a9f','洗发护发|http://channel.jd.com/1316-1386.html','a','2015-02-21 15:22:40'),(176,1,'e60fb2be-bef8-4e42-a057-ab87bf7c7248','c1728b04-9d78-4491-b585-6c4d5e741eab','时尚腕表|http://channel.jd.com/5025-5029.html','a','2015-02-21 15:22:40'),(177,1,'e60fb2be-bef8-4e42-a057-ab87bf7c7248','55925f3c-ed3a-48c2-8d30-0e939281e852','身体护肤|http://channel.jd.com/1316-1383.html','a','2015-02-21 15:22:40'),(178,1,'e60fb2be-bef8-4e42-a057-ab87bf7c7248','53003f38-5eb3-4af0-ac04-705c4af36a87','钻石|http://www.360buy.com/products/6144-6160-000.html','a','2015-02-21 15:22:40'),(179,1,'e60fb2be-bef8-4e42-a057-ab87bf7c7248','13d83643-342c-4661-a039-cd53be1453dd','口腔护理|http://channel.jd.com/1316-1384.html','a','2015-02-21 15:22:40'),(180,1,'e60fb2be-bef8-4e42-a057-ab87bf7c7248','326a5304-e952-4b7e-940b-6b1b7f7a8d8e','翡翠珍珠|http://channel.jd.com/6144-6167.html','a','2015-02-21 15:22:40'),(181,1,'e60fb2be-bef8-4e42-a057-ab87bf7c7248','f104b5d1-e392-4687-bdc5-ed6350c576f4','女性护理|http://channel.jd.com/1316-1385.html','a','2015-02-21 15:22:40'),(182,1,'e60fb2be-bef8-4e42-a057-ab87bf7c7248','9bbfaf30-97aa-48e3-9744-0d4e0992c5fa','时尚饰品|http://channel.jd.com/6144-6182.html','a','2015-02-21 15:22:40'),(183,1,'e60fb2be-bef8-4e42-a057-ab87bf7c7248','6f0676ab-416e-4838-bb7d-14e528fb093b','美容养颜|http://list.jd.com/9192-9193-9200-0-0-0-0-0-0-0-1-1-1-1-1-72-4137-0.html','a','2015-02-21 15:22:40'),(184,1,'e60fb2be-bef8-4e42-a057-ab87bf7c7248','42713eab-cf62-4dd9-b78e-9813a879efcb','火机烟具|http://www.360buy.com/products/1672-2599-1440.html','a','2015-02-21 15:22:40'),(185,1,'e60fb2be-bef8-4e42-a057-ab87bf7c7248','8c55e962-3ca7-4b44-8d50-a852b333df9a','礼品|http://www.360buy.com/products/1672-2599-000.html','a','2015-02-21 15:22:40'),(186,1,'e60fb2be-bef8-4e42-a057-ab87bf7c7248','57a7783f-20fc-450d-8639-532e50e14ecd','奢侈品|http://channel.jd.com/1672-2615.html','a','2015-02-21 15:22:40'),(187,1,'e60fb2be-bef8-4e42-a057-ab87bf7c7248','24da5013-1e07-49af-af66-d73731f5e45a','http://c.nfa.jd.com/adclick?sid=2&cid=601&aid=3645&bid=0&unit=75244&advid=112801&guv=&url=http://sale.jd.com/act/cp15BoeLTnIlaCk.html','a','2015-02-21 15:22:40'),(188,1,'e60fb2be-bef8-4e42-a057-ab87bf7c7248','b6acb472-4dce-4ff1-bc39-2827446277f9','http://img13.360buyimg.com/da/jfs/t502/233/1446338457/22829/e7b4717a/54d83115N78835894.jpg','img','2015-02-21 15:22:40'),(189,1,'6cb527aa-6299-4cc1-a412-c72d068bd27e','6ab779b2-03d5-4c6f-b7b8-327412aec5a4','家具|http://channel.jd.com/furniture.html','a','2015-02-21 15:22:40'),(190,1,'6cb527aa-6299-4cc1-a412-c72d068bd27e','aa0b76eb-ccd6-4b4d-89f2-77b394835260','灯具照明|http://www.360buy.com/products/1620-1623-000.html','a','2015-02-21 15:22:40'),(191,1,'6cb527aa-6299-4cc1-a412-c72d068bd27e','6696ed3b-01a9-4847-bd0e-a31f148e38a7','家用清洁|http://www.360buy.com/products/1620-1625-000.html','a','2015-02-21 15:22:40'),(192,1,'6cb527aa-6299-4cc1-a412-c72d068bd27e','f6976af1-6ccd-488b-bfbd-7e16a1f1c060','宠物生活|http://channel.jd.com/pet.html','a','2015-02-21 15:22:40'),(193,1,'6cb527aa-6299-4cc1-a412-c72d068bd27e','3ec61d09-cbe1-4be0-ba88-217d1be5d34a','水具/酒具|http://www.360buy.com/products/6196-6219-000.html','a','2015-02-21 15:22:40'),(194,1,'6cb527aa-6299-4cc1-a412-c72d068bd27e','a7789df7-1317-4675-9b03-ec76182fdcd6','烹饪锅具|http://www.360buy.com/products/6196-6197-000.html','a','2015-02-21 15:22:40'),(195,1,'6cb527aa-6299-4cc1-a412-c72d068bd27e','8a0468cb-56a3-45f8-819e-9c968a2b0252','厨房配件|http://channel.jd.com/6196-6214.html','a','2015-02-21 15:22:40'),(196,1,'6cb527aa-6299-4cc1-a412-c72d068bd27e','9c94bdf7-e2b1-42fb-a4e2-c7ca3e5c4a84','餐具|http://www.360buy.com/products/6196-6227-000.html','a','2015-02-21 15:22:40'),(197,1,'6cb527aa-6299-4cc1-a412-c72d068bd27e','19d67307-d2f5-4d2d-a0ae-e59f42c01850','床品套件|http://list.jd.com/1620-1621-1626.html','a','2015-02-21 15:22:40'),(198,1,'6cb527aa-6299-4cc1-a412-c72d068bd27e','fff09046-4b8f-4249-9f66-59596fc0545f','枕芯|http://list.jd.com/list.html?cat=1620,1621,1628','a','2015-02-21 15:22:40'),(199,1,'6cb527aa-6299-4cc1-a412-c72d068bd27e','663e43f3-143d-48be-b266-8ce42de536c3','被子|http://list.jd.com/list.html?cat=1620,1621,1627','a','2015-02-21 15:22:40'),(200,1,'6cb527aa-6299-4cc1-a412-c72d068bd27e','f3ee6e12-3ccf-468e-ab46-e47515d563d1','电热毯|http://list.jd.com/list.html?cat=1620,1621,2688','a','2015-02-21 15:22:40'),(201,1,'6cb527aa-6299-4cc1-a412-c72d068bd27e','efbe2c97-aa5a-4fa2-bd8f-60c90975814f','家装建材|http://channel.jd.com/decoration.html','a','2015-02-21 15:22:40'),(202,1,'6cb527aa-6299-4cc1-a412-c72d068bd27e','67f44fd2-1c65-45c6-98cd-62b803b010ad','家装软饰|http://channel.jd.com/1620-11158.html','a','2015-02-21 15:22:41'),(203,1,'6cb527aa-6299-4cc1-a412-c72d068bd27e','d2ed4058-f743-498d-b7eb-bd0d907fe3a9','洗衣液|http://list.jd.com/list.html?cat=1620,1625,1662','a','2015-02-21 15:22:41'),(204,1,'6cb527aa-6299-4cc1-a412-c72d068bd27e','3dd0175b-f9dd-48ee-9ac9-9ff4a74db787','生活用纸|http://list.jd.com/1620-1625-1671-0-0-0-0-0-0-0-1-1-1-1-1-72-4137-0.html','a','2015-02-21 15:22:41'),(205,1,'6cb527aa-6299-4cc1-a412-c72d068bd27e','84a9f9ce-35b4-46de-a8fa-30bc9c95ec3d','http://c.nfa.jd.com/adclick?sid=2&cid=601&aid=3633&bid=0&unit=75240&advid=115069&guv=&url=http://sale.jd.com/act/yYsf3O1IZoQ4lDmv.html','a','2015-02-21 15:22:41'),(206,1,'6cb527aa-6299-4cc1-a412-c72d068bd27e','b0c67ff6-d3b5-4a8f-8b5b-6fc17f10c50b','http://img30.360buyimg.com/ads/jfs/t544/133/1363382230/20120/cf4b8e40/54d04459Ncfc1b036.jpg','img','2015-02-21 15:22:41'),(207,1,'c224d2c0-e722-4964-8d16-0d3ee05caad1','1b2ca3ce-e5d5-4e95-af87-b23db3fdacda','奶粉|http://channel.jd.com/1319-1523.html','a','2015-02-21 15:22:41'),(208,1,'c224d2c0-e722-4964-8d16-0d3ee05caad1','7c500065-0cbf-484c-b52e-6a1529fcade2','营养辅食|http://channel.jd.com/1319-1524.html','a','2015-02-21 15:22:41'),(209,1,'c224d2c0-e722-4964-8d16-0d3ee05caad1','9cba8b28-5194-4840-86af-ab499fb27f79','喂养用品|http://channel.jd.com/1319-1526.html','a','2015-02-21 15:22:41'),(210,1,'c224d2c0-e722-4964-8d16-0d3ee05caad1','b68e2380-00e5-47f5-b21e-b65988ecc16a','尿裤湿巾|http://channel.jd.com/1319-1525.html','a','2015-02-21 15:22:41'),(211,1,'c224d2c0-e722-4964-8d16-0d3ee05caad1','2aed72cc-d6a1-4756-b807-b9b40e37e5d2','洗护用品|http://channel.jd.com/1319-1527.html','a','2015-02-21 15:22:41'),(212,1,'c224d2c0-e722-4964-8d16-0d3ee05caad1','ffc18a0f-99d0-4a33-b687-d8b4c0876021','寝具服饰|http://channel.jd.com/1319-6313.html','a','2015-02-21 15:22:41'),(213,1,'c224d2c0-e722-4964-8d16-0d3ee05caad1','e643cc7b-4145-44a8-9f17-ae2b8aef4eac','妈妈专区|http://channel.jd.com/1319-4997.html','a','2015-02-21 15:22:41'),(214,1,'c224d2c0-e722-4964-8d16-0d3ee05caad1','3d91fb61-8db0-4871-b898-ea1bd21dedd8','玩具乐器|http://channel.jd.com/toys.html','a','2015-02-21 15:22:41'),(215,1,'c224d2c0-e722-4964-8d16-0d3ee05caad1','ec147499-eb77-4c51-9371-807358c74878','童车童床|http://channel.jd.com/1319-1528.html','a','2015-02-21 15:22:41'),(216,1,'c224d2c0-e722-4964-8d16-0d3ee05caad1','35f3b755-d6bc-4c44-84d6-c06c3c6efc5e','童装童鞋|http://channel.jd.com/1315-3961.html','a','2015-02-21 15:22:41'),(217,1,'c224d2c0-e722-4964-8d16-0d3ee05caad1','c28b4a79-248a-41d5-8f45-d8b1d671e987','http://c.nfa.jd.com/adclick?sid=2&cid=601&aid=3651&bid=0&unit=75246&advid=112802&guv=&url=http://sale.jd.com/act/dhyp1YN0L4.html','a','2015-02-21 15:22:41'),(218,1,'c224d2c0-e722-4964-8d16-0d3ee05caad1','94cedf3b-b649-4399-b125-a29fd54aafcd','http://img13.360buyimg.com/da/jfs/t778/303/751491350/14719/35a99273/54d82c92N3839df6b.jpg','img','2015-02-21 15:22:41'),(219,1,'f42ad4c7-533d-469b-9cbc-4a84091cacb3','5c3ab542-17ec-4298-b138-50d8787b1f84','进口食品|http://www.360buy.com/products/1320-5019-000.html','a','2015-02-21 15:22:41'),(220,1,'f42ad4c7-533d-469b-9cbc-4a84091cacb3','022843cf-0fef-4526-beff-39f4be6f257f','地方特产|http://www.360buy.com/products/1320-1581-000.html','a','2015-02-21 15:22:41'),(221,1,'f42ad4c7-533d-469b-9cbc-4a84091cacb3','434608d8-3915-475e-93e4-e1cfa647a650','休闲食品|http://www.360buy.com/products/1320-1583-000.html','a','2015-02-21 15:22:41'),(222,1,'f42ad4c7-533d-469b-9cbc-4a84091cacb3','dd6d4687-4e57-4019-91e8-bcf830b0324a','中外名酒|http://channel.jd.com/wine.html','a','2015-02-21 15:22:41'),(223,1,'f42ad4c7-533d-469b-9cbc-4a84091cacb3','105e6992-de70-4653-858e-0ec23b7bda76','冲调饮品|http://list.jd.com/1320-1585-3986.html','a','2015-02-21 15:22:41'),(224,1,'f42ad4c7-533d-469b-9cbc-4a84091cacb3','c847eedc-cddd-4985-80f6-086c9ee80ce9','粮油调味|http://www.360buy.com/products/1320-1584-000.html','a','2015-02-21 15:22:41'),(225,1,'f42ad4c7-533d-469b-9cbc-4a84091cacb3','bd55cde0-acb9-44fe-8212-60f513cc3a47','营养健康|http://channel.jd.com/9192-9193.html','a','2015-02-21 15:22:41'),(226,1,'f42ad4c7-533d-469b-9cbc-4a84091cacb3','4c626068-ec89-48ee-941d-b4249aeaea2f','营养成分|http://channel.jd.com/9192-9194.html','a','2015-02-21 15:22:41'),(227,1,'f42ad4c7-533d-469b-9cbc-4a84091cacb3','fc0b5fe3-f7a5-4d78-84a1-b3761eac1a0d','传统滋补|http://channel.jd.com/9192-9195.html','a','2015-02-21 15:22:41'),(228,1,'f42ad4c7-533d-469b-9cbc-4a84091cacb3','56454171-53d2-465a-a65d-7f7d5b1e4c9b','生鲜食品|http://channel.jd.com/freshfood.html','a','2015-02-21 15:22:41'),(229,1,'f42ad4c7-533d-469b-9cbc-4a84091cacb3','630e7e76-f784-4e1a-b1ce-3bb77804258a','http://c.nfa.jd.com/adclick?sid=2&cid=601&aid=3654&bid=0&unit=75248&advid=172493&guv=&url=http://item.jd.com/1281728.html','a','2015-02-21 15:22:41'),(230,1,'f42ad4c7-533d-469b-9cbc-4a84091cacb3','5abf2a0c-7ddd-468d-a239-ede396cdb9a8','http://img14.360buyimg.com/da/jfs/t724/191/767998933/22189/3b71c29e/54dd77ceNe0265d68.jpg','img','2015-02-21 15:22:41'),(231,1,'7b18ea75-ab8d-446c-9ec8-4d11ae9a5a4d','9dde137c-bbe9-47d0-b78d-b35492dd6687','数字音乐|http://music.jd.com/','a','2015-02-21 15:22:41'),(232,1,'7b18ea75-ab8d-446c-9ec8-4d11ae9a5a4d','f502cbf7-0884-4777-8fb9-7c663d176f85','文学|http://www.360buy.com/products/1713-3259-000.html','a','2015-02-21 15:22:41'),(233,1,'7b18ea75-ab8d-446c-9ec8-4d11ae9a5a4d','804e121f-ea0a-4251-9a91-720d00db460c','电子书|http://e.jd.com/ebook.html','a','2015-02-21 15:22:41'),(234,1,'7b18ea75-ab8d-446c-9ec8-4d11ae9a5a4d','4da5f196-6862-4352-9c99-90897ccd13c9','励志|http://www.360buy.com/products/1713-3266-000.html','a','2015-02-21 15:22:41'),(235,1,'7b18ea75-ab8d-446c-9ec8-4d11ae9a5a4d','fc71a708-9673-4d7d-84b6-d2a2b7de494c','音乐|http://mvd.360buy.com/music.html','a','2015-02-21 15:22:41'),(236,1,'7b18ea75-ab8d-446c-9ec8-4d11ae9a5a4d','90621c22-fc71-4986-8187-6a4af7656712','少儿|http://www.360buy.com/products/1713-3263-000.html','a','2015-02-21 15:22:41'),(237,1,'7b18ea75-ab8d-446c-9ec8-4d11ae9a5a4d','d4c7f080-77c9-4fed-b616-5221b347dc8d','影视|http://mvd.360buy.com/movie.html','a','2015-02-21 15:22:41'),(238,1,'7b18ea75-ab8d-446c-9ec8-4d11ae9a5a4d','5d269cf7-f1b7-4992-951d-b8d9e7ccbe03','考试|http://www.360buy.com/products/1713-3290-000.html','a','2015-02-21 15:22:41'),(239,1,'7b18ea75-ab8d-446c-9ec8-4d11ae9a5a4d','8565651d-4fc0-48a4-873a-643414e70b04','教育音像|http://mvd.360buy.com/education.html','a','2015-02-21 15:22:41'),(240,1,'7b18ea75-ab8d-446c-9ec8-4d11ae9a5a4d','d806feac-4646-4910-83de-c6cbf33eb450','历史|http://www.360buy.com/products/1713-3273-000.html','a','2015-02-21 15:22:41'),(241,1,'7b18ea75-ab8d-446c-9ec8-4d11ae9a5a4d','57607dd1-e680-47ec-bf1a-f18d1c5a7ffd','礼品书|http://www.360buy.com/products/1713-3296-000.html','a','2015-02-21 15:22:41'),(242,1,'7b18ea75-ab8d-446c-9ec8-4d11ae9a5a4d','7af6095a-53c9-4da9-b594-50acb9cceba3','旅游|http://www.360buy.com/products/1713-3271-000.html','a','2015-02-21 15:22:41'),(243,1,'7b18ea75-ab8d-446c-9ec8-4d11ae9a5a4d','2d49bd14-ae7b-4e2c-8832-cafe6cca41de','原版书|http://www.360buy.com/products/1713-4855-000.html','a','2015-02-21 15:22:41'),(244,1,'7b18ea75-ab8d-446c-9ec8-4d11ae9a5a4d','f37e475c-7cdf-4d96-a501-18649d42ed3c','计算机|http://www.360buy.com/products/1713-3287-000.html','a','2015-02-21 15:22:41'),(245,1,'7b18ea75-ab8d-446c-9ec8-4d11ae9a5a4d','39af30db-bcfd-4e90-8313-07e280f713c8','http://c.nfa.jd.com/adclick?sid=2&cid=601&aid=3658&bid=0&unit=75250&advid=112805&guv=&url=http://book.jd.com/','a','2015-02-21 15:22:41'),(246,1,'7b18ea75-ab8d-446c-9ec8-4d11ae9a5a4d','38f1366c-7225-42f9-a405-a9a0a90581d6','http://img10.360buyimg.com/da/g14/M07/00/13/rBEhVlG0M0kIAAAAAAA1Rb2A9JkAAAHwgL2PzIAADVd930.jpg','img','2015-02-21 15:22:41'),(247,1,'eef5565b-a3e8-4568-9f6f-27e4821c9879','e17b37a3-71eb-403e-92fb-67769fe7f63f','http://club.jd.com/bbsDetail/767320_588ae381-1a3a-4068-8336-a5d1ae1e2233_1.html','a','2015-02-21 15:22:41'),(248,1,'eef5565b-a3e8-4568-9f6f-27e4821c9879','9fef8543-4b38-4bdf-a3f1-379afc4929d4','http://img10.360buyimg.com/N4/g6/M04/03/18/rBEGDFC0XuUIAAAAAADDaX1zU0oAAAvIwG3VZgAAMOB602.jpg','img','2015-02-21 15:22:41'),(249,1,'eef5565b-a3e8-4568-9f6f-27e4821c9879','b4ef7070-add4-40c6-a8b7-95e1ea109d01','贝亲（Pigeon）婴儿衣物浓缩型清洗液|http://club.jd.com/bbsDetail/767320_588ae381-1a3a-4068-8336-a5d1ae1e2233_1.html','a','2015-02-21 15:22:41'),(250,1,'eef5565b-a3e8-4568-9f6f-27e4821c9879','bd116bae-6748-4deb-a843-b83fb39e5464','给宝宝买的专用洗衣液，浓缩型可以用在洗衣机上，更方便！京东送货很安心！很快速！|http://club.jd.com/bbsDetail/767320_588ae381-1a3a-4068-8336-a5d1ae1e2233_1.html','a','2015-02-21 15:22:41'),(251,1,'eef5565b-a3e8-4568-9f6f-27e4821c9879','8eb03a61-3859-455d-b800-5feb89ff90b5','http://club.jd.com/bbsDetail/822477_02f24aac-5b0e-4421-a7fb-5437fcef3b00_1.html','a','2015-02-21 15:22:41'),(252,1,'eef5565b-a3e8-4568-9f6f-27e4821c9879','341b334b-24f9-47f5-9714-a6c115f88e72','http://img10.360buyimg.com/N4/g16/M00/03/0F/rBEbRVNsm0IIAAAAAADQThAnwIMAAArZAP7JR8AANBm777.jpg','img','2015-02-21 15:22:41'),(253,1,'eef5565b-a3e8-4568-9f6f-27e4821c9879','fda0e4ee-3196-46c7-8d68-2da3ed085810','德国 凯斯勒圣母之乳甜白葡萄酒|http://club.jd.com/bbsDetail/822477_02f24aac-5b0e-4421-a7fb-5437fcef3b00_1.html','a','2015-02-21 15:22:41'),(254,1,'eef5565b-a3e8-4568-9f6f-27e4821c9879','9f70ac6e-5c2c-4568-9750-c111c4c23c9e','昨晚收到货，立马打开品尝，初始味道微酸单宁味很浓，放置10分钟后，再尝能很轻松捕捉到后甜的愉悦，总之酒不错。|http://club.jd.com/bbsDetail/822477_02f24aac-5b0e-4421-a7fb-5437fcef3b00_1.html','a','2015-02-21 15:22:41'),(255,1,'eef5565b-a3e8-4568-9f6f-27e4821c9879','4c8e68d8-503f-4caa-9a61-5e0035a4a2ca','http://club.jd.com/bbsDetail/217568_b9abe4cc-28a9-4c62-afbd-ee2efdb64ba6_1.html','a','2015-02-21 15:22:41'),(256,1,'eef5565b-a3e8-4568-9f6f-27e4821c9879','e1c451ce-2c13-40bc-bda8-2bccc8548059','http://img10.360buyimg.com/N4/jfs/t448/336/1346081750/117755/8d90c633/54d07013Nbd8eb4c6.jpg','img','2015-02-21 15:22:41'),(257,1,'eef5565b-a3e8-4568-9f6f-27e4821c9879','d39ce17d-f237-4f2b-8839-406573ae927a','世家 灵巧型 平拖 除尘多面手 耐用拖把|http://club.jd.com/bbsDetail/217568_b9abe4cc-28a9-4c62-afbd-ee2efdb64ba6_1.html','a','2015-02-21 15:22:41'),(258,1,'eef5565b-a3e8-4568-9f6f-27e4821c9879','654dd899-fef4-4493-8ec4-72d611a7ab52','这是一款好拖把，首先握在手里，它的厚重，无论塑料还是钢材，还有除尘布，超细纤维的，都不是档次差的，使用效果很好，360度旋转，卫生死角统统搞掂，家里原有的除尘纸也可以夹上用了，旧毛巾也可以，真棒啊，杆可以随意调节长短，终于有一个清洁卫生的好帮手了。|http://club.jd.com/bbsDetail/217568_b9abe4cc-28a9-4c62-afbd-ee2efdb64ba6_1.html','a','2015-02-21 15:22:41'),(259,1,'eef5565b-a3e8-4568-9f6f-27e4821c9879','769402f1-c528-4247-9693-9b47c0b35862','http://club.jd.com/bbsDetail/1100120_9636a537-34ec-4ba5-9875-7775bc52d8a4_1.html','a','2015-02-21 15:22:41'),(260,1,'eef5565b-a3e8-4568-9f6f-27e4821c9879','082c70db-7662-4e72-87be-44f7a802b482','http://img10.360buyimg.com/N4/g14/M01/1F/12/rBEhVVNGCqsIAAAAAAFdwnPS_F0AALp8QEBh7AAAV3a839.jpg','img','2015-02-21 15:22:41'),(261,1,'eef5565b-a3e8-4568-9f6f-27e4821c9879','09c457bc-cc64-4423-8f16-bdab2a6bb8e7','天梭(TISSOT)手表 卡森系列石英男表|http://club.jd.com/bbsDetail/1100120_9636a537-34ec-4ba5-9875-7775bc52d8a4_1.html','a','2015-02-21 15:22:41'),(262,1,'eef5565b-a3e8-4568-9f6f-27e4821c9879','94fedc7a-839d-4d37-ba6a-3412cb66b41c','邮递速度快，表简洁大方！是年轻人的好礼物！值得拥有！文艺范！三星note3拍的，也在京东买的！信任京东！|http://club.jd.com/bbsDetail/1100120_9636a537-34ec-4ba5-9875-7775bc52d8a4_1.html','a','2015-02-21 15:22:41'),(263,1,'eef5565b-a3e8-4568-9f6f-27e4821c9879','339a5784-af39-4321-8d61-3963e14e4710','http://club.jd.com/bbsDetail/1010830_65ad24ee-14fe-4196-9807-797a4fd35aff_1.html','a','2015-02-21 15:22:41'),(264,1,'eef5565b-a3e8-4568-9f6f-27e4821c9879','0fdc8d1a-3947-4533-8f7b-bcddb9d204ed','http://img10.360buyimg.com/N4/g13/M00/06/11/rBEhVFKNegUIAAAAAAFtmOXBOecAAFvwgG4EsQAAW2w804.jpg','img','2015-02-21 15:22:41'),(265,1,'eef5565b-a3e8-4568-9f6f-27e4821c9879','054cf73f-63c3-4682-bd98-ff5e08839e1d','得力（deli）时尚靓彩系列5层塑料文件柜|http://club.jd.com/bbsDetail/1010830_65ad24ee-14fe-4196-9807-797a4fd35aff_1.html','a','2015-02-21 15:22:41'),(266,1,'eef5565b-a3e8-4568-9f6f-27e4821c9879','f11e1f27-5fc1-400b-b220-203eee15ab35','办公用品几乎都是得力的。 看到得力出这个系列的小文件柜，很是喜欢。 给主管一人买了一个这个，都特别喜欢。|http://club.jd.com/bbsDetail/1010830_65ad24ee-14fe-4196-9807-797a4fd35aff_1.html','a','2015-02-21 15:22:41'),(267,1,'eef5565b-a3e8-4568-9f6f-27e4821c9879','c3330f50-2c40-4900-a246-6c265e287874','http://club.jd.com/bbsDetail/1137879247_16090722-db3a-4b4d-8241-4e27e44718f4_1.html','a','2015-02-21 15:22:41'),(268,1,'eef5565b-a3e8-4568-9f6f-27e4821c9879','2e4e25fd-b975-40ba-96b7-11d2932e223b','http://img10.360buyimg.com/N4/jfs/t154/286/2349733369/714289/b5e554f/53ce11d6Nd4bded92.jpg','img','2015-02-21 15:22:41'),(269,1,'eef5565b-a3e8-4568-9f6f-27e4821c9879','13c155a7-3796-4682-9c4e-d1b9e515e372','燊乐（shenle) 蓝牙仿古纯铜大喇叭留声机|http://club.jd.com/bbsDetail/1137879247_16090722-db3a-4b4d-8241-4e27e44718f4_1.html','a','2015-02-21 15:22:41'),(270,1,'eef5565b-a3e8-4568-9f6f-27e4821c9879','372b9156-a3b1-49d8-863c-b3fcde26d162','快递还是挺快的，虽然遇上了双11也还是挺快，来的时候柜子是板，得自己组装，我跟老公装了一个小时，搞定了，只是留声机没有说明书，给客服打了电话才会连蓝牙的，整体还是不错的，很喜欢，主要比实体店便宜很多，喜欢的朋友可以下手了，是正品的，售后服务也不错！|http://club.jd.com/bbsDetail/1137879247_16090722-db3a-4b4d-8241-4e27e44718f4_1.html','a','2015-02-21 15:22:41'),(271,1,'c0ed75da-419d-41d3-9b29-04e35a22499b','1b6e795b-6e22-47f3-858e-c48e1e622fea','http://club.jd.com/CommunityAct/10002661.html','a','2015-02-21 15:22:41'),(272,1,'c0ed75da-419d-41d3-9b29-04e35a22499b','016e5abf-dfad-4bfc-a42f-bfe1ea1d7de6','http://img10.360buyimg.com/vclist/jfs/t469/313/1369469150/49999/76ff3cb9/54d18a9cN9c05cbbd.jpg','img','2015-02-21 15:22:41'),(273,1,'c0ed75da-419d-41d3-9b29-04e35a22499b','635a1876-711b-4cdd-9fc4-5ec864b781b3','汤臣倍健盖尔乐咀嚼片0元购~|http://club.jd.com/CommunityAct/10002661.html','a','2015-02-21 15:22:41'),(274,1,'c0ed75da-419d-41d3-9b29-04e35a22499b','82f9d422-bb82-496d-aa4a-a21d85b5a717','汤臣倍健（BY-HEALTH）盖尔乐咀嚼片增加骨密度，0元购~|http://club.jd.com/CommunityAct/10002661.html','a','2015-02-21 15:22:41'),(275,1,'c0ed75da-419d-41d3-9b29-04e35a22499b','4547d003-cc92-4242-9c0a-0cc380191e93','http://club.jd.com/CommunityAct/10002658.html','a','2015-02-21 15:22:41'),(276,1,'c0ed75da-419d-41d3-9b29-04e35a22499b','cb660447-9de1-4441-9c05-6acf9421ad27','http://img10.360buyimg.com/vclist/jfs/t793/195/17251645/78983/cd3612c0/54e14803N18325c70.jpg','img','2015-02-21 15:22:41'),(277,1,'c0ed75da-419d-41d3-9b29-04e35a22499b','b7964923-7a3c-4f03-ad99-5469623a72d5','艾科灵睿血糖仪0元试用活动|http://club.jd.com/CommunityAct/10002658.html','a','2015-02-21 15:22:41'),(278,1,'c0ed75da-419d-41d3-9b29-04e35a22499b','66c5f6f6-6829-4054-b769-487d1c46abd2','艾科灵睿血糖仪+5片试纸，0元试用火热来袭~|http://club.jd.com/CommunityAct/10002658.html','a','2015-02-21 15:22:41'),(279,1,'c0ed75da-419d-41d3-9b29-04e35a22499b','e30b6c01-58d3-4e1e-98b5-00742aa64447','http://club.jd.com/CommunityAct/10002657.html','a','2015-02-21 15:22:41'),(280,1,'c0ed75da-419d-41d3-9b29-04e35a22499b','e129bb2e-60ba-4797-889b-30c5ca3c1131','http://img10.360buyimg.com/vclist/jfs/t742/60/669575233/91038/457aa5d1/54d18ad7Ndb41e042.jpg','img','2015-02-21 15:22:41'),(281,1,'c0ed75da-419d-41d3-9b29-04e35a22499b','830ebe26-2318-434f-bb5c-93dae1447bcd','和美康TDP电磁波神灯治疗仪0元试用|http://club.jd.com/CommunityAct/10002657.html','a','2015-02-21 15:22:41'),(282,1,'c0ed75da-419d-41d3-9b29-04e35a22499b','cce217f2-58d5-4e33-ae0e-9b1ce5abf530','和美康（Homecare）TDP电磁波神灯治疗仪0元试用~|http://club.jd.com/CommunityAct/10002657.html','a','2015-02-21 15:22:41'),(283,1,'c0ed75da-419d-41d3-9b29-04e35a22499b','c90b818f-4e74-4232-8ba4-3445c126749e','http://club.jd.com/CommunityAct/10002656.html','a','2015-02-21 15:22:41'),(284,1,'c0ed75da-419d-41d3-9b29-04e35a22499b','86bb32fe-3b01-4ed9-aa9b-ab072c0e1a5e','http://img10.360buyimg.com/vclist/jfs/t547/279/1343609382/107245/7daeb658/54d0251aN9e8028ad.jpg','img','2015-02-21 15:22:41'),(285,1,'c0ed75da-419d-41d3-9b29-04e35a22499b','6aa01fec-61d0-4729-94dd-1918c27f5472','诺优能、可瑞康、爱他美品牌奶粉有奖盖楼|http://club.jd.com/CommunityAct/10002656.html','a','2015-02-21 15:22:41'),(286,1,'c0ed75da-419d-41d3-9b29-04e35a22499b','f74a99e0-a096-44a2-8dae-00945da8a76d','诺优能、可瑞康、爱他美品牌奶粉有奖盖楼~赢百元优惠券！|http://club.jd.com/CommunityAct/10002656.html','a','2015-02-21 15:22:41'),(287,1,'c0ed75da-419d-41d3-9b29-04e35a22499b','e8c4d914-5053-41b8-bc1a-b89917a08ca3','http://club.jd.com/CommunityAct/10002659.html','a','2015-02-21 15:22:41'),(288,1,'c0ed75da-419d-41d3-9b29-04e35a22499b','d3a6f9f9-31b5-4470-8649-d3b05a7becf1','http://img10.360buyimg.com/vclist/jfs/t1096/239/12225832/32872/e08297c8/54dd598eN2778435a.jpg','img','2015-02-21 15:22:41'),(289,1,'c0ed75da-419d-41d3-9b29-04e35a22499b','704f8a1a-7ab2-4a14-b707-2fe7f9b26705','朴佳美牌孕妇补钙补铁0元试用|http://club.jd.com/CommunityAct/10002659.html','a','2015-02-21 15:22:41'),(290,1,'c0ed75da-419d-41d3-9b29-04e35a22499b','d393ff6a-f51a-49dd-9dd9-345cdf873d12','朴佳美牌孕中期多种维生素多种矿物质片0元试用~|http://club.jd.com/CommunityAct/10002659.html','a','2015-02-21 15:22:41'),(291,1,'c0ed75da-419d-41d3-9b29-04e35a22499b','c2300440-88ec-4e16-8f95-e58ba0d61cf7','http://club.jd.com/CommunityAct/10002644.html','a','2015-02-21 15:22:41'),(292,1,'c0ed75da-419d-41d3-9b29-04e35a22499b','625869e1-521b-47cb-b628-0b0326dbd617','http://img10.360buyimg.com/vclist/jfs/t757/242/681510876/44520/1d58ed98/54cee07cNa851e0f8.jpg','img','2015-02-21 15:22:41'),(293,1,'c0ed75da-419d-41d3-9b29-04e35a22499b','62c7b136-1882-4ee7-9440-3ab42667ab10','忠臣不挑锅全钢电陶炉好评晒单送豪礼|http://club.jd.com/CommunityAct/10002644.html','a','2015-02-21 15:22:41'),(294,1,'c0ed75da-419d-41d3-9b29-04e35a22499b','cee543ea-cd01-4569-b6c1-9502e6833325','新年豪礼送不停!忠臣新年诚意之作——全钢、超大炉盘、无辐射、不挑锅的电陶炉 新年不容错过！|http://club.jd.com/CommunityAct/10002644.html','a','2015-02-21 15:22:41'),(295,1,'13e07adf-634f-4175-a024-fdd8d6ff900d','75681568-d9d8-4bf7-a587-d34f4cd69d0d','http://sale.jd.com/act/GsoU6BMjOlKYygA.html','a','2015-02-21 15:22:41'),(296,1,'13e07adf-634f-4175-a024-fdd8d6ff900d','9a593580-1bc6-4e6a-a8e4-f38d69be9479','http://img10.360buyimg.com/vclist/jfs/t631/357/754283473/8110/9c2ed326/54854ad8N6680afb3.jpg','img','2015-02-21 15:22:41'),(297,1,'13e07adf-634f-4175-a024-fdd8d6ff900d','ec2e7f28-1c9f-4317-a797-4b4cf454202d','电子书安卓端7天免费读|http://sale.jd.com/act/gil7DwYjdGEVP.html','a','2015-02-21 15:22:41'),(298,1,'13e07adf-634f-4175-a024-fdd8d6ff900d','2ae47432-41b2-475f-9267-5251cb02a792','·','b','2015-02-21 15:22:41'),(299,1,'13e07adf-634f-4175-a024-fdd8d6ff900d','0e53c2bf-f2ff-4aa7-a0e4-f16d157f0101','《袁腾飞讲先秦》(套装全两册)|http://read.jd.com/16803/index.html','a','2015-02-21 15:22:41'),(300,1,'13e07adf-634f-4175-a024-fdd8d6ff900d','6a04d72f-43f7-4183-a6bf-21300b148527','·','b','2015-02-21 15:22:42'),(301,1,'13e07adf-634f-4175-a024-fdd8d6ff900d','f60f6c04-84ad-4d28-aeb2-6a7449d9b279','《只为成功找方法》升职宝典|http://read.jd.com/16805/index.html','a','2015-02-21 15:22:42'),(302,1,'13e07adf-634f-4175-a024-fdd8d6ff900d','754049d9-21bb-4d4d-a8a6-a919490dc3f5','·','b','2015-02-21 15:22:42'),(303,1,'13e07adf-634f-4175-a024-fdd8d6ff900d','42b9882d-1e7c-440b-b7fa-9562e6d1909e','《如果世界只有我和你》蔡骏荐|http://read.jd.com/16798/','a','2015-02-21 15:22:42'),(304,1,'13e07adf-634f-4175-a024-fdd8d6ff900d','2bc677ce-475c-47f6-93eb-3495a5c269d6','·','b','2015-02-21 15:22:42'),(305,2,'1948e527-316f-4129-887f-62d395b4f238','e111dedf-5774-425d-bef3-acf6af9d4972','、、','h3','2015-02-21 15:24:59'),(306,2,'1948e527-316f-4129-887f-62d395b4f238','1b39a98d-f5cb-4d86-8bf8-36d11698482a','图书|http://book.jd.com/','a','2015-02-21 15:24:59'),(307,2,'1948e527-316f-4129-887f-62d395b4f238','5d779b70-33b7-41d0-9336-3582bc2631df','音像|http://mvd.jd.com/','a','2015-02-21 15:24:59'),(308,2,'1948e527-316f-4129-887f-62d395b4f238','658f9923-9105-4a87-b9a1-007a990c1c4f','数字商品|http://e.jd.com/','a','2015-02-21 15:24:59'),(309,2,'1948e527-316f-4129-887f-62d395b4f238','d0251a29-44f3-4ded-8171-b5133fe2aa35','家用电器|http://channel.jd.com/electronic.html','a','2015-02-21 15:24:59'),(310,2,'1948e527-316f-4129-887f-62d395b4f238','7d586e17-61c1-4ed9-a71b-f269b33b2d0f','、','h3','2015-02-21 15:24:59'),(311,2,'1948e527-316f-4129-887f-62d395b4f238','3abe648d-b41a-4dd3-9383-2c1d33f09669','手机|http://shouji.jd.com/','a','2015-02-21 15:24:59'),(312,2,'1948e527-316f-4129-887f-62d395b4f238','6899c4c3-e9ef-4c7c-be91-995dd9e0be20','数码|http://channel.jd.com/digital.html','a','2015-02-21 15:24:59'),(313,2,'1948e527-316f-4129-887f-62d395b4f238','f0f10530-938c-4b64-9096-e43e2b3af180','电脑、办公|http://channel.jd.com/computer.html','a','2015-02-21 15:24:59'),(314,2,'1948e527-316f-4129-887f-62d395b4f238','2847d38b-d151-4cb0-aa7e-57c562158b2c','、、、','h3','2015-02-21 15:24:59'),(315,2,'1948e527-316f-4129-887f-62d395b4f238','c049b54c-490d-4b89-a7e4-bd3588e50aa0','家居|http://channel.jd.com/home.html','a','2015-02-21 15:24:59'),(316,2,'1948e527-316f-4129-887f-62d395b4f238','c6de2613-5155-4b74-a323-19dc393e0cd3','家具|http://channel.jd.com/furniture.html','a','2015-02-21 15:24:59'),(317,2,'1948e527-316f-4129-887f-62d395b4f238','a7b65cb9-75d1-45e5-917d-033b016934a4','家装|http://channel.jd.com/decoration.html','a','2015-02-21 15:24:59'),(318,2,'1948e527-316f-4129-887f-62d395b4f238','d0d743b5-cb6d-4e67-93e4-b98c6f52e2db','厨具|http://channel.jd.com/kitchenware.html','a','2015-02-21 15:24:59'),(319,2,'1948e527-316f-4129-887f-62d395b4f238','945e0886-da5a-4fb7-a626-a00d244c8be5','、、、','h3','2015-02-21 15:24:59'),(320,2,'1948e527-316f-4129-887f-62d395b4f238','f023edce-04cf-4bda-90d7-8d2ddeb9ad6a','男装|http://channel.jd.com/1315-1342.html','a','2015-02-21 15:24:59'),(321,2,'1948e527-316f-4129-887f-62d395b4f238','67194058-e72c-42ee-9c2f-15240419a085','女装|http://channel.jd.com/1315-1343.html','a','2015-02-21 15:24:59'),(322,2,'1948e527-316f-4129-887f-62d395b4f238','78d99fb0-6c5f-414e-982f-7312d0972bba','内衣|http://channel.jd.com/1315-1345.html','a','2015-02-21 15:24:59'),(323,2,'1948e527-316f-4129-887f-62d395b4f238','891831f9-0ce2-4344-a6e8-da430d4a0c9d','珠宝|http://channel.jd.com/jewellery.html','a','2015-02-21 15:24:59'),(324,2,'1948e527-316f-4129-887f-62d395b4f238','c102d8b2-bc74-48f4-bd81-80ae2b872f12','个护化妆|http://channel.jd.com/beauty.html','a','2015-02-21 15:24:59'),(325,2,'1948e527-316f-4129-887f-62d395b4f238','f287e9e1-d58e-4754-893c-64272e16f879','、、、','h3','2015-02-21 15:24:59'),(326,2,'1948e527-316f-4129-887f-62d395b4f238','5ddcc65a-da58-4f4a-9f55-512b46c9e80c','鞋靴|http://channel.jd.com/shoes.html','a','2015-02-21 15:24:59'),(327,2,'1948e527-316f-4129-887f-62d395b4f238','1c746b1a-db8b-44c8-819b-e90c1fe944e2','箱包|http://channel.jd.com/bag.html','a','2015-02-21 15:24:59'),(328,2,'1948e527-316f-4129-887f-62d395b4f238','74413d85-68c1-4d84-84b3-bf61b8a80a58','钟表|http://channel.jd.com/watch.html','a','2015-02-21 15:24:59'),(329,2,'1948e527-316f-4129-887f-62d395b4f238','79841447-21b5-4b96-b5bc-2edc02f0f375','奢侈品|http://channel.jd.com/1672-2615.html','a','2015-02-21 15:24:59'),(330,2,'1948e527-316f-4129-887f-62d395b4f238','cab4e575-0874-4712-a69f-82b5c6d8e81d','运动健康|http://channel.jd.com/sports.html','a','2015-02-21 15:24:59'),(331,2,'1948e527-316f-4129-887f-62d395b4f238','a02ce816-3d46-4bcb-bdc6-034bcb598ea3','、','h3','2015-02-21 15:24:59'),(332,2,'1948e527-316f-4129-887f-62d395b4f238','2af6e76a-19c1-40ae-acaf-f19dba7154f3','整车|http://channel.jd.com/car.html','a','2015-02-21 15:24:59'),(333,2,'1948e527-316f-4129-887f-62d395b4f238','c1a72788-fbb3-4a4b-a5e2-d8910a341282','汽车用品|http://channel.jd.com/auto.html','a','2015-02-21 15:24:59'),(334,2,'1948e527-316f-4129-887f-62d395b4f238','a6ceace8-7514-474b-84a1-db54f159d6eb','、','h3','2015-02-21 15:24:59'),(335,2,'1948e527-316f-4129-887f-62d395b4f238','4a0f845e-6237-41cc-9a6f-04b35f592e3b','母婴|http://channel.jd.com/baby.html','a','2015-02-21 15:24:59'),(336,2,'1948e527-316f-4129-887f-62d395b4f238','025563e8-c704-466b-b145-a02794d5931d','玩具乐器|http://channel.jd.com/toys.html','a','2015-02-21 15:24:59'),(337,2,'1948e527-316f-4129-887f-62d395b4f238','2ce51430-fdff-40a5-aed4-ebb08bfd1752','、、','h3','2015-02-21 15:24:59'),(338,2,'1948e527-316f-4129-887f-62d395b4f238','bcb25ca4-9b55-4caa-ae51-eff2df87f021','食品饮料|http://channel.jd.com/food.html','a','2015-02-21 15:25:00'),(339,2,'1948e527-316f-4129-887f-62d395b4f238','89dad4e8-e28d-4d55-a8cb-7b06045bc00e','酒类|http://channel.jd.com/wine.html','a','2015-02-21 15:25:00'),(340,2,'1948e527-316f-4129-887f-62d395b4f238','7ba2190d-03db-4a8a-9467-49bcc7d12dfc','生鲜|http://channel.jd.com/freshfood.html','a','2015-02-21 15:25:00'),(341,2,'1948e527-316f-4129-887f-62d395b4f238','c9ca923b-68a4-4e11-88ca-074064f8cf43','营养保健|http://channel.jd.com/health.html','a','2015-02-21 15:25:00'),(342,2,'1948e527-316f-4129-887f-62d395b4f238','d81ef9c9-9f0f-4af8-b99f-671073fe5f0e','、、、','h3','2015-02-21 15:25:00'),(343,2,'1948e527-316f-4129-887f-62d395b4f238','0ed3a31e-dbe2-43d2-a8ee-50f7a1e9df33','彩票|http://caipiao.jd.com/','a','2015-02-21 15:25:00'),(344,2,'1948e527-316f-4129-887f-62d395b4f238','75685c09-07d4-4ce6-a580-bf3098772dc6','旅行|http://trip.jd.com/','a','2015-02-21 15:25:00'),(345,2,'1948e527-316f-4129-887f-62d395b4f238','04b8441d-bcdb-4e41-acbc-58652aea51e7','充值|http://chongzhi.jd.com/','a','2015-02-21 15:25:00'),(346,2,'1948e527-316f-4129-887f-62d395b4f238','281aba8a-fdeb-42d4-879f-becc51fa8e04','票务|http://piao.jd.com/','a','2015-02-21 15:25:00'),(347,2,'9da72806-0b2e-4fd9-a585-8ac9a3e14421','64e9189d-447e-4e85-b7c3-ec6519c0ba38','过年不打烊 2小时送到家|http://sale.jd.com/act/UPEc5hBeR6si.html','a','2015-02-21 15:25:00'),(348,2,'9da72806-0b2e-4fd9-a585-8ac9a3e14421','ab7068ec-e973-48a3-a6a2-643addd92c19','京东2015春节运营公告|http://www.jd.com/news.aspx?id=23033','a','2015-02-21 15:25:00'),(349,2,'9da72806-0b2e-4fd9-a585-8ac9a3e14421','ddaa15e3-a215-4881-afba-4d5d2905d4dc','200大牌春节不打烊|http://sale.jd.com/act/azgJFt1nOK.html','a','2015-02-21 15:25:00'),(350,2,'9da72806-0b2e-4fd9-a585-8ac9a3e14421','e1d3c805-e8ee-4b84-ae62-95738162f1e3','http://www.jd.com/news.aspx?id=23031','a','2015-02-21 15:25:00'),(351,2,'9da72806-0b2e-4fd9-a585-8ac9a3e14421','e34b6f21-4dd7-4e8f-be4b-c8bc6e7d62c0','关于假冒客服诈骗的声明','font','2015-02-21 15:25:00'),(352,2,'9da72806-0b2e-4fd9-a585-8ac9a3e14421','9db43c5a-193f-436e-94af-e6fff8d21a07','60万图书低至5折|http://sale.jd.com/mall/4PnzvQdAN5FZt.html','a','2015-02-21 15:25:00'),(353,2,'9da72806-0b2e-4fd9-a585-8ac9a3e14421','ae965c96-257f-4306-b4d0-a91a23a7357f','京东售后春节体验升级|http://www.jd.com/news.aspx?id=23029','a','2015-02-21 15:25:00'),(354,2,'9da72806-0b2e-4fd9-a585-8ac9a3e14421','efafb3bf-bcea-4589-bbe9-c4f378bb97ad','团购不打烊品牌1折起|http://sale.jd.com/act/2rL3DyBN0Ijdvzp.htm','a','2015-02-21 15:25:00'),(355,2,'9da72806-0b2e-4fd9-a585-8ac9a3e14421','07de2b33-7da8-401a-9ba4-279d16d85a76','返程机票 特价1折起|http://sale.jd.com/act/vuzApoW0CgLkTZNe.html','a','2015-02-21 15:25:00'),(356,2,'4d5f61e0-5c20-410d-91e2-f7e7962714e2','755c8cc3-03b3-438f-aecc-07cea1156b55','×|http://jd.com/#none','a','2015-02-21 15:25:00'),(357,2,'c32f1947-a1e5-4278-83a4-d95bb869ca55','a2fdb45b-7489-4f7e-9ea3-a44595e4f01c','http://pinpaijie.jd.com/brandstreet/pc/index.html?filt_type=100120&data_cat=1','a','2015-02-21 15:25:00'),(358,2,'c32f1947-a1e5-4278-83a4-d95bb869ca55','98149f80-821b-4e90-a5e7-522f0907ab6d','品牌街','h3','2015-02-21 15:25:00'),(359,2,'c32f1947-a1e5-4278-83a4-d95bb869ca55','9bbcdb04-346c-479e-81c1-6b7e066b69ec','5寸四核靓机|http://pinpaijie.jd.com/brandstreet/pc/index.html?filt_type=100120&data_cat=1','a','2015-02-21 15:25:00'),(360,2,'c32f1947-a1e5-4278-83a4-d95bb869ca55','d866154d-63e6-4de0-bde5-fa0b502085a9','全场低至499','b','2015-02-21 15:25:00'),(361,2,'c32f1947-a1e5-4278-83a4-d95bb869ca55','d8a2e900-1674-4cf7-ae09-30d5b5f662cf','更多品牌','li','2015-02-21 15:25:00'),(362,2,'c32f1947-a1e5-4278-83a4-d95bb869ca55','d65c20d5-a7e1-4efe-83b7-28a3abc82128','进入品牌街','li','2015-02-21 15:25:00'),(363,2,'c32f1947-a1e5-4278-83a4-d95bb869ca55','5ec67086-6e73-4f45-821f-e7604beb5424','http://pinpaijie.jd.com/brandstreet/pc/index.html?filt_type=100120&data_cat=1','a','2015-02-21 15:25:00'),(364,2,'c32f1947-a1e5-4278-83a4-d95bb869ca55','49be335d-f225-4885-a8f2-31638e6eda11','http://img10.360buyimg.com/vclist/jfs/t1231/91/24432478/29463/52c90ac0/54e4ca93N6e585292.jpg','img','2015-02-21 15:25:00'),(365,2,'c32f1947-a1e5-4278-83a4-d95bb869ca55','e749265b-f020-40c2-8d89-e50f0282d756','http://sale.jd.com/act/s8IjEamJUowF.html','a','2015-02-21 15:25:00'),(366,2,'c32f1947-a1e5-4278-83a4-d95bb869ca55','d2d11d1a-d4cd-4916-b067-6a4ca9c7a3ab','天天低价','h3','2015-02-21 15:25:00'),(367,2,'c32f1947-a1e5-4278-83a4-d95bb869ca55','6e885970-007f-4694-8657-28bef804a389','神舟笔记本|http://sale.jd.com/act/s8IjEamJUowF.html','a','2015-02-21 15:25:00'),(368,2,'c32f1947-a1e5-4278-83a4-d95bb869ca55','23d0c538-488f-4254-9085-50a92bc8a356','直降500元秒杀','b','2015-02-21 15:25:00'),(369,2,'c32f1947-a1e5-4278-83a4-d95bb869ca55','5a573dc6-7cf0-4453-8f05-e188c0f18542','http://sale.jd.com/act/s8IjEamJUowF.html','a','2015-02-21 15:25:00'),(370,2,'c32f1947-a1e5-4278-83a4-d95bb869ca55','055f3d6e-9ad1-419a-9efe-6b77b9fac936','http://img10.360buyimg.com/vclist/jfs/t1162/260/12046226/10666/a9e04127/54dd5ba1N95ecbeb0.jpg','img','2015-02-21 15:25:00'),(371,2,'c32f1947-a1e5-4278-83a4-d95bb869ca55','235c0260-ffab-446d-970f-c590465a68d4','http://sale.jd.com/mag.html','a','2015-02-21 15:25:00'),(372,2,'c32f1947-a1e5-4278-83a4-d95bb869ca55','da3b50fd-6450-403c-8001-eea2b8c04732','好东西','h3','2015-02-21 15:25:00'),(373,2,'c32f1947-a1e5-4278-83a4-d95bb869ca55','913ed3d7-9c78-4209-a857-2f0b88824434','乐范魔力贴|http://sale.jd.com/mag.html','a','2015-02-21 15:25:00'),(374,2,'c32f1947-a1e5-4278-83a4-d95bb869ca55','fa5c5f94-0884-4b2a-9133-e377af05d834','智能便携按摩','b','2015-02-21 15:25:00'),(375,2,'c32f1947-a1e5-4278-83a4-d95bb869ca55','370b134f-8aad-4c36-a419-341e1eac9137','小编大拜年','li','2015-02-21 15:25:00'),(376,2,'c32f1947-a1e5-4278-83a4-d95bb869ca55','0074b32d-f82e-4277-b9ea-fc92c624695b','逛更多>','li','2015-02-21 15:25:00'),(377,2,'c32f1947-a1e5-4278-83a4-d95bb869ca55','a5fddedc-25bc-4621-affd-b5efbca6afde','http://sale.jd.com/mag.html','a','2015-02-21 15:25:00'),(378,2,'c32f1947-a1e5-4278-83a4-d95bb869ca55','68af13f2-7025-42ab-9dfe-7bf746b84546','http://img10.360buyimg.com/vclist/jfs/t1054/117/11620993/20122/ea3bff79/54ddff0cNd242a7da.jpg','img','2015-02-21 15:25:00'),(379,2,'c32f1947-a1e5-4278-83a4-d95bb869ca55','a4234d58-5394-494d-84e6-59b0dbefa682','http://tuan.jd.com/homevirtual-beijing.html','a','2015-02-21 15:25:00'),(380,2,'c32f1947-a1e5-4278-83a4-d95bb869ca55','d52a5850-a386-4041-a0f5-3eacae428d5e','今日团购','h3','2015-02-21 15:25:00'),(381,2,'c32f1947-a1e5-4278-83a4-d95bb869ca55','bd7038ed-5949-4d37-89ad-39d6841f510f','100元代金券|http://tuan.jd.com/homevirtual-beijing.html','a','2015-02-21 15:25:00'),(382,2,'c32f1947-a1e5-4278-83a4-d95bb869ca55','e973f3ef-7bd7-4628-a93f-a78c4e4cebbe','http://tuan.jd.com/homevirtual-beijing.html','a','2015-02-21 15:25:00'),(383,2,'c32f1947-a1e5-4278-83a4-d95bb869ca55','21e69031-8f62-4440-b18e-bdbc922bc0d0','团购价','em','2015-02-21 15:25:00'),(384,2,'c32f1947-a1e5-4278-83a4-d95bb869ca55','4801fbbb-18d2-4a9c-a67e-76a3ae6d3267','￥85','strong','2015-02-21 15:25:00'),(385,2,'c32f1947-a1e5-4278-83a4-d95bb869ca55','5fc4e840-c099-4017-9528-1fba77292684','http://tuan.jd.com/homevirtual-beijing.html','a','2015-02-21 15:25:00'),(386,2,'c32f1947-a1e5-4278-83a4-d95bb869ca55','5b2caa19-fd5b-4bb9-8005-1277f9efcd6c','http://img10.360buyimg.com/vclist/jfs/t1045/50/9476740/29563/24f8bda2/54dc7c0aN200734e0.png','img','2015-02-21 15:25:00'),(387,2,'c32f1947-a1e5-4278-83a4-d95bb869ca55','f3e83a43-c25f-4a18-bbc2-46f95fc69074','http://sale.jd.com/act/SW0BJoR614mZ.html','a','2015-02-21 15:25:00'),(388,2,'c32f1947-a1e5-4278-83a4-d95bb869ca55','fb15d372-9dc5-4882-ab1a-093cb8b7d930','京东首发','h3','2015-02-21 15:25:00'),(389,2,'c32f1947-a1e5-4278-83a4-d95bb869ca55','35d4b854-cee1-451a-b6cd-7ef0d285d385','moto g|http://sale.jd.com/act/SW0BJoR614mZ.html','a','2015-02-21 15:25:00'),(390,2,'c32f1947-a1e5-4278-83a4-d95bb869ca55','c3d32354-fbb5-4a85-b010-3b6a8c6f24ce','享新年传情礼','b','2015-02-21 15:25:00'),(391,2,'c32f1947-a1e5-4278-83a4-d95bb869ca55','1e67d4bf-9561-4596-829f-5074db32058b','http://sale.jd.com/act/SW0BJoR614mZ.html','a','2015-02-21 15:25:00'),(392,2,'c32f1947-a1e5-4278-83a4-d95bb869ca55','ebb3b2f4-086f-4a1b-99a5-d78749f40c03','http://img10.360buyimg.com/vclist/jfs/t775/231/775104558/41560/4d7e4ab0/54dd76d4N66370a6e.jpg','img','2015-02-21 15:25:00'),(393,2,'c32f1947-a1e5-4278-83a4-d95bb869ca55','ee1068c3-012d-447c-bc0d-a9fa12e3a0a5','http://pinpaijie.jd.com/quan.html','a','2015-02-21 15:25:00'),(394,2,'c32f1947-a1e5-4278-83a4-d95bb869ca55','3f979257-42d8-4e41-b7f7-f73a6e06ca16','优惠券','h3','2015-02-21 15:25:00'),(395,2,'c32f1947-a1e5-4278-83a4-d95bb869ca55','9dbdc562-4c69-472f-b884-b20441bbc3ce','运动新春汇|http://pinpaijie.jd.com/quan.html','a','2015-02-21 15:25:00'),(396,2,'c32f1947-a1e5-4278-83a4-d95bb869ca55','3300c365-9aa6-4db2-a301-ff6a0ec7c9b8','神劵免费领','b','2015-02-21 15:25:00'),(397,2,'c32f1947-a1e5-4278-83a4-d95bb869ca55','bcc33cff-e680-48b3-8a32-ffb76fc714c5','http://pinpaijie.jd.com/quan.html','a','2015-02-21 15:25:00'),(398,2,'c32f1947-a1e5-4278-83a4-d95bb869ca55','dbf9e4ba-4b73-4dbc-9ed6-cfed6df8f2ac','http://img10.360buyimg.com/vclist/jfs/t793/7/10135221/31145/bb0b4d45/54dc8572N7cf7f715.jpg','img','2015-02-21 15:25:00'),(399,2,'c32f1947-a1e5-4278-83a4-d95bb869ca55','05ad4a6f-621f-41d2-93ed-b095d4318258','http://yushou.jd.com','a','2015-02-21 15:25:00'),(400,2,'c32f1947-a1e5-4278-83a4-d95bb869ca55','9c02af84-5d53-4fd5-8ee5-dac529c068b4','京东预售','h3','2015-02-21 15:25:00'),(401,2,'c32f1947-a1e5-4278-83a4-d95bb869ca55','ef8ac8a8-63f6-444e-9ebe-d0be870bf8e7','逸客雷霆战神|http://yushou.jd.com','a','2015-02-21 15:25:00'),(402,2,'c32f1947-a1e5-4278-83a4-d95bb869ca55','35fdbf37-890e-4d61-9720-594cb035e5f4','新春阶梯减','b','2015-02-21 15:25:00'),(403,2,'c32f1947-a1e5-4278-83a4-d95bb869ca55','beb1d181-ce70-491a-8ca1-e41ec8761c5f','http://yushou.jd.com','a','2015-02-21 15:25:00'),(404,2,'c32f1947-a1e5-4278-83a4-d95bb869ca55','91d453c2-fb05-44ba-a6f0-2e6fadad1705','http://img10.360buyimg.com/vclist/jfs/t811/25/12579952/9430/d11fa837/54dd563fN93761960.jpg','img','2015-02-21 15:25:00'),(405,2,'c32f1947-a1e5-4278-83a4-d95bb869ca55','ea74dda3-91b1-4c53-b83e-2774c7ae4ce1','http://jr.jd.com/svip/','a','2015-02-21 15:25:00'),(406,2,'c32f1947-a1e5-4278-83a4-d95bb869ca55','67d944d3-1e13-4d5a-a558-36d6a7960e36','金融精选','h3','2015-02-21 15:25:00'),(407,2,'c32f1947-a1e5-4278-83a4-d95bb869ca55','4efa4824-979c-4fe0-81b2-77c3fd2bb4af','打白条0元购|http://jr.jd.com/svip/','a','2015-02-21 15:25:00'),(408,2,'c32f1947-a1e5-4278-83a4-d95bb869ca55','41afedea-9697-4eab-8f51-d50e517b3514','iPhone 6分期购','b','2015-02-21 15:25:00'),(409,2,'c32f1947-a1e5-4278-83a4-d95bb869ca55','dc8410d6-f061-4935-b32b-4d72a0fa3a77','http://jr.jd.com/svip/','a','2015-02-21 15:25:00'),(410,2,'c32f1947-a1e5-4278-83a4-d95bb869ca55','78b2301f-52ab-41d1-9b01-7f7ad95e07e9','http://img10.360buyimg.com/vclist/jfs/t850/122/19592034/15854/17d0164f/54e1588dN3f1c4b01.jpg','img','2015-02-21 15:25:00'),(411,2,'c32f1947-a1e5-4278-83a4-d95bb869ca55','13c0a637-6898-4571-908c-a73df09eb20c','http://c.nfa.jd.com/adclick?sid=2&cid=601&aid=5946&bid=9022&unit=96518&advid=173230&guv=&url=http://sale.jd.com/act/xj78SzJm5pMNWl.html','a','2015-02-21 15:25:00'),(412,2,'c32f1947-a1e5-4278-83a4-d95bb869ca55','9e7f6147-dffc-4883-8d46-03541ad07743','http://img14.360buyimg.com/da/jfs/t1054/255/11892382/10805/5e2eed7d/54ddc0c5Na6e2e249.jpg','img','2015-02-21 15:25:00'),(413,2,'c32f1947-a1e5-4278-83a4-d95bb869ca55','8bf7dfe1-c5a2-4699-95fc-dd189d98a8f4','http://c.nfa.jd.com/adclick?sid=2&cid=601&aid=5946&bid=9022&unit=96519&advid=173188&guv=&url=http://sale.jd.com/act/s0D57th4vMl.html','a','2015-02-21 15:25:00'),(414,2,'c32f1947-a1e5-4278-83a4-d95bb869ca55','f387eb7c-c500-4002-b3cb-167214dfacb4','http://img20.360buyimg.com/da/jfs/t571/116/1422620349/7969/5735c665/54ddad90N416346ac.jpg','img','2015-02-21 15:25:00'),(415,2,'c32f1947-a1e5-4278-83a4-d95bb869ca55','d503e5ad-e622-4712-b0da-6ef639f78bb0','http://c.nfa.jd.com/adclick?sid=2&cid=601&aid=5946&bid=0&unit=96520&advid=154220&guv=&url=http://pinpaijie.jd.com/brandStreet/brandStreetList/1476_5222.html','a','2015-02-21 15:25:00'),(416,2,'c32f1947-a1e5-4278-83a4-d95bb869ca55','b8d117ae-b287-4bac-bacf-795339f6e0ac','http://img11.360buyimg.com/da/jfs/t991/199/23595381/8567/b7c16c03/54dffb61N52130b08.jpg','img','2015-02-21 15:25:00'),(417,2,'c32f1947-a1e5-4278-83a4-d95bb869ca55','f34b14b0-f91c-4c29-98fe-91e02d3b8fb2','\'+\'|http://jd.com/\'+c.href+\'','a','2015-02-21 15:25:00'),(418,2,'c32f1947-a1e5-4278-83a4-d95bb869ca55','9b66407b-e742-4c55-90e2-9428e6595d46','\'+\'|\'+c.srcB+\'','img','2015-02-21 15:25:00'),(419,2,'c32f1947-a1e5-4278-83a4-d95bb869ca55','e8a60130-ddd6-4906-8dbc-d2c46780b389','\'+\'|http://jd.com/\'+c.href+\'','a','2015-02-21 15:25:00'),(420,2,'c32f1947-a1e5-4278-83a4-d95bb869ca55','2fc46158-ec80-402b-b81a-4a6a8a348e6e','\'+\'|\'+c.srcB+\'','img','2015-02-21 15:25:00'),(421,2,'c32f1947-a1e5-4278-83a4-d95bb869ca55','86c7864f-85bf-483d-a97d-8225e6ced2a0','\'+\'|http://jd.com/\'+c.href+\'','a','2015-02-21 15:25:00'),(422,2,'c32f1947-a1e5-4278-83a4-d95bb869ca55','a111c09a-250c-49b5-9319-8b9116ed9f04','\'+\'|\'+c.srcB+\'','img','2015-02-21 15:25:00'),(423,2,'fc59a607-5970-4312-b367-2eb634f06301','569cfae2-1625-441b-bd8b-e32f72cf9d5f','手机|http://list.jd.com/list.html?cat=9987,653,655&&jth=y','a','2015-02-21 15:25:00'),(424,2,'fc59a607-5970-4312-b367-2eb634f06301','b03ada33-98d8-4c03-8659-d20d468c689d','空调|http://www.jd.com/products/737-794-870-0-0-0-0-0-0-0-1-1-1-1-33.html','a','2015-02-21 15:25:00'),(425,2,'fc59a607-5970-4312-b367-2eb634f06301','838b7608-12b2-463d-9304-bc9435e48daa','手机配件|http://www.360buy.com/products/652-830-000.html','a','2015-02-21 15:25:00'),(426,2,'fc59a607-5970-4312-b367-2eb634f06301','05bf8d7e-c51c-4587-a10b-dee5d6494265','平板电视|http://www.jd.com/products/737-794-798-0-0-0-0-0-0-0-1-1-1-1-72-33.html','a','2015-02-21 15:25:00'),(427,2,'fc59a607-5970-4312-b367-2eb634f06301','dc071ebb-2a51-45e3-8c7d-5df7d1de5adb','话费补贴|http://channel.jd.com/yunyingshang.html','a','2015-02-21 15:25:00'),(428,2,'fc59a607-5970-4312-b367-2eb634f06301','abca8f4c-8f96-4f4f-a580-700d79b7287c','冰箱|http://www.jd.com/products/737-794-878-0-0-0-0-0-0-0-1-1-1-1-72-33.html','a','2015-02-21 15:25:00'),(429,2,'fc59a607-5970-4312-b367-2eb634f06301','8cfa3c13-78bb-407c-a959-15e7203f53e9','生活电器|http://www.jd.com/products/737-738-000.html','a','2015-02-21 15:25:00'),(430,2,'fc59a607-5970-4312-b367-2eb634f06301','f06f3de6-a26a-49e0-9c12-1326ea382fb7','洗衣机|http://www.jd.com/products/737-794-880-0-0-0-0-0-0-0-1-1-1-1-72-33.html','a','2015-02-21 15:25:00'),(431,2,'fc59a607-5970-4312-b367-2eb634f06301','2e07fb07-a4d3-4d63-ad0b-3aa1144ada6d','厨房电器|http://www.jd.com/products/737-752-000.html','a','2015-02-21 15:25:00'),(432,2,'fc59a607-5970-4312-b367-2eb634f06301','fd141416-4f11-4e49-9b71-7a0d94e40081','热水器|http://www.jd.com/products/737-794-1706-0-0-0-0-0-0-0-1-1-1-1-72-33.html','a','2015-02-21 15:25:00'),(433,2,'fc59a607-5970-4312-b367-2eb634f06301','39944190-aa23-4b4a-bebd-7d5c894ff83d','个护健康|http://www.jd.com/products/737-1276-000.html','a','2015-02-21 15:25:00'),(434,2,'fc59a607-5970-4312-b367-2eb634f06301','b658bb82-3b26-4372-bf73-786742f44ce5','烟机/灶具|http://www.jd.com/products/737-794-1300-0-0-0-0-0-0-0-1-1-1-1-72-33.html','a','2015-02-21 15:25:00'),(435,2,'fc59a607-5970-4312-b367-2eb634f06301','4744ffcd-ebe1-44d1-9b89-40fa8a3f0499','五金家装|http://www.jd.com/products/737-1277-000.html','a','2015-02-21 15:25:00'),(436,2,'fc59a607-5970-4312-b367-2eb634f06301','95c2e4a3-41e4-4778-ab93-2d3f687b6114','家庭影院|http://www.jd.com/products/737-794-823-0-0-0-0-0-0-0-1-1-1-1-72-33.html','a','2015-02-21 15:25:00'),(437,2,'fc59a607-5970-4312-b367-2eb634f06301','c20c2ee0-c531-4108-a34e-e8af22c6850d','冷柜/冰吧|http://list.jd.com/list.html?cat=737,794,12392','a','2015-02-21 15:25:00'),(438,2,'fc59a607-5970-4312-b367-2eb634f06301','5f1b115c-d5d2-41e1-8e0b-afd309e6f55e','汽车用品|http://channel.jd.com/auto.html','a','2015-02-21 15:25:00'),(439,2,'fc59a607-5970-4312-b367-2eb634f06301','b4c64419-dd34-4c18-b22c-26a9a06b2b98','http://c.nfa.jd.com/adclick?sid=2&cid=601&aid=3624&bid=0&unit=75237&advid=152637&guv=&url=http://sale.jd.com/act/6DG0yoEwZTUOzM4.html','a','2015-02-21 15:25:00'),(440,2,'fc59a607-5970-4312-b367-2eb634f06301','9cfea97a-9224-4ea4-8020-cdc45b465a2f','http://img11.360buyimg.com/da/jfs/t1198/241/18344053/11823/6ebf4324/54e2ad08N6ab6fd61.jpg','img','2015-02-21 15:25:00'),(441,2,'cce864e1-4a45-4d6c-b362-79e30139935b','5343c5c3-facc-404e-8359-77bcee3e2a93','游戏本|http://list.jd.com/670-671-1105-0-0-0-0-0-0-0-1-1-1-1-1-2800-2850-0.html','a','2015-02-21 15:25:00'),(442,2,'cce864e1-4a45-4d6c-b362-79e30139935b','ed8102f6-a770-4de8-9dbe-d7733a6ee46c','数码相机|http://www.360buy.com/products/652-654-831.html','a','2015-02-21 15:25:00'),(443,2,'cce864e1-4a45-4d6c-b362-79e30139935b','1491fec0-3ca6-43b1-9c8e-d5fed0524839','笔记本|http://www.360buy.com/products/670-671-672.html','a','2015-02-21 15:25:00'),(444,2,'cce864e1-4a45-4d6c-b362-79e30139935b','11772f9f-b7c9-4ec8-9d11-65b0f173c634','单反相机|http://www.360buy.com/products/652-654-832.html','a','2015-02-21 15:25:00'),(445,2,'cce864e1-4a45-4d6c-b362-79e30139935b','d383b5b4-17fd-4e59-8d5b-e902869ed22c','平板电脑|http://www.360buy.com/products/670-671-2694.html','a','2015-02-21 15:25:00'),(446,2,'cce864e1-4a45-4d6c-b362-79e30139935b','5dc47fd7-71a8-489d-a2a9-1e25234bb8cf','台式电脑|http://www.360buy.com/products/670-671-673.html','a','2015-02-21 15:25:00'),(447,2,'cce864e1-4a45-4d6c-b362-79e30139935b','2b4d0c7a-6fd9-407b-b880-95e32fb50282','打印机|http://www.360buy.com/products/670-716-000.html','a','2015-02-21 15:25:00'),(448,2,'cce864e1-4a45-4d6c-b362-79e30139935b','8ce75d96-bec5-4e3f-9ced-f60c80ad623c','移动硬盘|http://list.jd.com/670-686-693-0-0-0-0-0-0-0-1-1-1-1-1-2800-2850-0.html','a','2015-02-21 15:25:00'),(449,2,'cce864e1-4a45-4d6c-b362-79e30139935b','e421b194-d9ef-4d90-8e50-491344a0b451','鼠标|http://list.jd.com/670-686-690-0-0-0-0-0-0-0-1-1-1-1-1-2800-2850-0.html','a','2015-02-21 15:25:00'),(450,2,'cce864e1-4a45-4d6c-b362-79e30139935b','aef7b65b-bf04-48b3-8f82-525b5ac255b8','耳机/耳麦|http://list.jd.com/652-828-842-0-0-0-0-0-0-0-1-1-1-1-1-72-4137-0.html','a','2015-02-21 15:25:00'),(451,2,'cce864e1-4a45-4d6c-b362-79e30139935b','ba162df6-f8e4-423b-b68f-fcad1e5e2c1e','路由器|http://www.360buy.com/products/670-699-700.html','a','2015-02-21 15:25:00'),(452,2,'cce864e1-4a45-4d6c-b362-79e30139935b','a79c0354-6a54-45e7-bb81-e439bd25e98e','办公文仪|http://www.360buy.com/products/670-729-000.html','a','2015-02-21 15:25:00'),(453,2,'cce864e1-4a45-4d6c-b362-79e30139935b','b29974e6-e942-4964-9f66-a9091155f038','显示器|http://www.360buy.com/products/670-677-688.html','a','2015-02-21 15:25:00'),(454,2,'cce864e1-4a45-4d6c-b362-79e30139935b','072091ee-1588-4515-af49-c86072a5f86b','移动电源|http://list.jd.com/652-829-1219-0-0-0-0-0-0-0-1-1-1-1-1-2800-2850-0.html','a','2015-02-21 15:25:01'),(455,2,'cce864e1-4a45-4d6c-b362-79e30139935b','6eb9a791-ad05-4e68-969b-f41599d67c0d','CPU|http://www.360buy.com/products/670-677-678.html','a','2015-02-21 15:25:01'),(456,2,'cce864e1-4a45-4d6c-b362-79e30139935b','56374b08-7d72-418d-acb7-a735518ddc4f','显卡|http://list.jd.com/670-677-679.html','a','2015-02-21 15:25:01'),(457,2,'cce864e1-4a45-4d6c-b362-79e30139935b','de49a322-d424-4abb-a096-279eeaa05c2a','http://c.nfa.jd.com/adclick?sid=2&cid=601&aid=3618&bid=0&unit=75234&advid=172215&guv=&url=http://sale.jd.com/act/jDr4lsecqd8nv.html','a','2015-02-21 15:25:01'),(458,2,'cce864e1-4a45-4d6c-b362-79e30139935b','889955a3-22d3-4104-825c-3edfbeb73d35','http://img13.360buyimg.com/da/jfs/t745/18/786946798/8827/bae843a/54e28a66N373c72c8.jpg','img','2015-02-21 15:25:01'),(459,2,'3c078e69-ee5b-4dfb-97cf-9524bc678bcd','55a6d2cc-c034-43c2-8b31-f5ef3aaa57a4','男装|http://www.360buy.com/products/1315-1342-000.html','a','2015-02-21 15:25:01'),(460,2,'3c078e69-ee5b-4dfb-97cf-9524bc678bcd','33aee3cc-6809-424f-abf0-863ed50d616a','女装|http://www.360buy.com/products/1315-1343-000.html','a','2015-02-21 15:25:01'),(461,2,'3c078e69-ee5b-4dfb-97cf-9524bc678bcd','4309bf02-09ae-4503-9b5d-f4a74e9f8cba','服装配饰|http://channel.jd.com/1315-1346.html','a','2015-02-21 15:25:01'),(462,2,'3c078e69-ee5b-4dfb-97cf-9524bc678bcd','00e8b07c-b40a-4a98-8533-51553f64b518','内衣|http://www.360buy.com/products/1315-1345-000.html','a','2015-02-21 15:25:01'),(463,2,'3c078e69-ee5b-4dfb-97cf-9524bc678bcd','5c596408-3233-4781-9589-3d99b28b2bf3','女鞋|http://www.360buy.com/products/1315-6905-000.html','a','2015-02-21 15:25:01'),(464,2,'3c078e69-ee5b-4dfb-97cf-9524bc678bcd','d6a33a90-6a2d-40da-9042-4a3d1423877b','男鞋|http://www.360buy.com/products/1315-6904-000.html','a','2015-02-21 15:25:01'),(465,2,'3c078e69-ee5b-4dfb-97cf-9524bc678bcd','4b1efea2-f885-4e22-8173-2e13adac7d8a','设计师|http://channel.jd.com/designer.html','a','2015-02-21 15:25:01'),(466,2,'3c078e69-ee5b-4dfb-97cf-9524bc678bcd','47f81cc0-37fd-4089-9157-741ba770f5a5','功能箱包|http://www.360buy.com/products/1672-2577-000.html','a','2015-02-21 15:25:01'),(467,2,'3c078e69-ee5b-4dfb-97cf-9524bc678bcd','c916a663-eea9-4186-97d0-929a1eaaf9af','潮流女包|http://www.360buy.com/products/1672-2575-000.html','a','2015-02-21 15:25:01'),(468,2,'3c078e69-ee5b-4dfb-97cf-9524bc678bcd','8400df39-6000-465a-9432-0fae6275ffe6','时尚男包|http://www.360buy.com/products/1672-2576-000.html','a','2015-02-21 15:25:01'),(469,2,'3c078e69-ee5b-4dfb-97cf-9524bc678bcd','71f56d4e-1495-4fce-8a53-e51996442ffc','户外鞋服|http://www.360buy.com/products/1318-2628-000.html','a','2015-02-21 15:25:01'),(470,2,'3c078e69-ee5b-4dfb-97cf-9524bc678bcd','10f69144-02b8-420d-964c-3c3fff9657c2','户外装备|http://www.360buy.com/products/1318-1462-000.html','a','2015-02-21 15:25:01'),(471,2,'3c078e69-ee5b-4dfb-97cf-9524bc678bcd','f3d3c3e7-a850-443e-88f3-b835cd2a92ef','运动器械|http://www.360buy.com/products/1318-1463-000.html','a','2015-02-21 15:25:01'),(472,2,'3c078e69-ee5b-4dfb-97cf-9524bc678bcd','5ecdc418-39c6-436f-b816-7ce21bdd670a','新版运动馆|http://channel.jd.com/yundong.html','a','2015-02-21 15:25:01'),(473,2,'3c078e69-ee5b-4dfb-97cf-9524bc678bcd','0ffc5339-742f-49c2-9f28-72d133c4df2b','http://c.nfa.jd.com/adclick?sid=2&cid=601&aid=3629&bid=0&unit=75239&advid=112796&guv=&url=http://channel.jd.com/1315-1343.html','a','2015-02-21 15:25:01'),(474,2,'3c078e69-ee5b-4dfb-97cf-9524bc678bcd','d1013829-1c51-4a5d-8464-1f6b56ab9f13','http://img13.360buyimg.com/da/jfs/t697/108/392362112/52427/c2f189d1/54aca226N0e66cf68.jpg','img','2015-02-21 15:25:01'),(475,2,'1cc2f748-a18c-427b-829e-4318be8e1244','dbe78e79-effc-4f51-a0f2-4166b7d70513','面部护肤|http://channel.jd.com/1316-1381.html','a','2015-02-21 15:25:01'),(476,2,'1cc2f748-a18c-427b-829e-4318be8e1244','130ace08-85bb-4624-9d6b-abc2ce192a73','瑞士名表|http://channel.jd.com/5025-5026.html','a','2015-02-21 15:25:01'),(477,2,'1cc2f748-a18c-427b-829e-4318be8e1244','3f650461-87cb-47dd-9abb-06ae7055b089','彩妆香水|http://channel.jd.com/1316-1387.html','a','2015-02-21 15:25:01'),(478,2,'1cc2f748-a18c-427b-829e-4318be8e1244','5485e006-16cc-405f-b4f4-fe36af60df49','国产名表|http://channel.jd.com/5025-5027.html','a','2015-02-21 15:25:01'),(479,2,'1cc2f748-a18c-427b-829e-4318be8e1244','51cc06ae-5038-4e28-b3f3-4e04a8201f60','洗发护发|http://channel.jd.com/1316-1386.html','a','2015-02-21 15:25:01'),(480,2,'1cc2f748-a18c-427b-829e-4318be8e1244','2302f39d-7ada-407c-a7ca-2537bceaf598','时尚腕表|http://channel.jd.com/5025-5029.html','a','2015-02-21 15:25:01'),(481,2,'1cc2f748-a18c-427b-829e-4318be8e1244','479103c1-260d-44fb-a2b2-4dcfdfcd72bf','身体护肤|http://channel.jd.com/1316-1383.html','a','2015-02-21 15:25:01'),(482,2,'1cc2f748-a18c-427b-829e-4318be8e1244','6b87f080-904d-410d-a922-d4f6d303e4af','钻石|http://www.360buy.com/products/6144-6160-000.html','a','2015-02-21 15:25:01'),(483,2,'1cc2f748-a18c-427b-829e-4318be8e1244','94d06f73-aa6c-4c2c-8afb-6610cb77e186','口腔护理|http://channel.jd.com/1316-1384.html','a','2015-02-21 15:25:01'),(484,2,'1cc2f748-a18c-427b-829e-4318be8e1244','b7235779-67f4-4bad-a7ce-b2c0b7869ca5','翡翠珍珠|http://channel.jd.com/6144-6167.html','a','2015-02-21 15:25:01'),(485,2,'1cc2f748-a18c-427b-829e-4318be8e1244','0dd7afe0-ad23-4bf7-a80b-62dd307f69f8','女性护理|http://channel.jd.com/1316-1385.html','a','2015-02-21 15:25:01'),(486,2,'1cc2f748-a18c-427b-829e-4318be8e1244','fdfca499-9c33-4e0b-8684-0e25cd590896','时尚饰品|http://channel.jd.com/6144-6182.html','a','2015-02-21 15:25:01'),(487,2,'1cc2f748-a18c-427b-829e-4318be8e1244','f7646c40-48eb-417b-b54f-61c339755107','美容养颜|http://list.jd.com/9192-9193-9200-0-0-0-0-0-0-0-1-1-1-1-1-72-4137-0.html','a','2015-02-21 15:25:01'),(488,2,'1cc2f748-a18c-427b-829e-4318be8e1244','ca98183d-8aa1-4f0f-b488-9fced241fdb1','火机烟具|http://www.360buy.com/products/1672-2599-1440.html','a','2015-02-21 15:25:01'),(489,2,'1cc2f748-a18c-427b-829e-4318be8e1244','df03ac06-29f1-486f-99e7-e332fcf32963','礼品|http://www.360buy.com/products/1672-2599-000.html','a','2015-02-21 15:25:01'),(490,2,'1cc2f748-a18c-427b-829e-4318be8e1244','5c5f7178-48ef-4bbe-974a-cf7de8ef41e6','奢侈品|http://channel.jd.com/1672-2615.html','a','2015-02-21 15:25:01'),(491,2,'1cc2f748-a18c-427b-829e-4318be8e1244','80cc1d3e-6119-461c-92f1-93fba46d9ab4','http://c.nfa.jd.com/adclick?sid=2&cid=601&aid=3645&bid=0&unit=75244&advid=112801&guv=&url=http://sale.jd.com/act/cp15BoeLTnIlaCk.html','a','2015-02-21 15:25:01'),(492,2,'1cc2f748-a18c-427b-829e-4318be8e1244','4870e64c-e672-40cd-be78-51e88064357a','http://img13.360buyimg.com/da/jfs/t502/233/1446338457/22829/e7b4717a/54d83115N78835894.jpg','img','2015-02-21 15:25:01'),(493,2,'f8aacd79-dc5b-4002-ad7b-b5da800a405a','e3603e14-ff2b-41d0-972f-55c3be54b27c','家具|http://channel.jd.com/furniture.html','a','2015-02-21 15:25:01'),(494,2,'f8aacd79-dc5b-4002-ad7b-b5da800a405a','784a277d-a377-4913-b037-1e3040df8ec1','灯具照明|http://www.360buy.com/products/1620-1623-000.html','a','2015-02-21 15:25:01'),(495,2,'f8aacd79-dc5b-4002-ad7b-b5da800a405a','e7b98cfe-4c3e-4d4b-8db8-ed89bac7ecf6','家用清洁|http://www.360buy.com/products/1620-1625-000.html','a','2015-02-21 15:25:01'),(496,2,'f8aacd79-dc5b-4002-ad7b-b5da800a405a','fcd38dd9-c74b-44a5-815b-cb614fc1f709','宠物生活|http://channel.jd.com/pet.html','a','2015-02-21 15:25:01'),(497,2,'f8aacd79-dc5b-4002-ad7b-b5da800a405a','bc60bdc7-039c-44fc-b8c2-291dd7b0b24c','水具/酒具|http://www.360buy.com/products/6196-6219-000.html','a','2015-02-21 15:25:01'),(498,2,'f8aacd79-dc5b-4002-ad7b-b5da800a405a','bfae8cca-ac3e-4a87-ae5a-ad01ad647467','烹饪锅具|http://www.360buy.com/products/6196-6197-000.html','a','2015-02-21 15:25:01'),(499,2,'f8aacd79-dc5b-4002-ad7b-b5da800a405a','21f7e4eb-5154-48af-a86f-d5173fb54968','厨房配件|http://channel.jd.com/6196-6214.html','a','2015-02-21 15:25:01'),(500,2,'f8aacd79-dc5b-4002-ad7b-b5da800a405a','85fd891c-18cf-4586-a857-3a6ad9fa1476','餐具|http://www.360buy.com/products/6196-6227-000.html','a','2015-02-21 15:25:01'),(501,2,'f8aacd79-dc5b-4002-ad7b-b5da800a405a','e21fc6a5-2d4d-4f75-b185-263fbcda2c3f','床品套件|http://list.jd.com/1620-1621-1626.html','a','2015-02-21 15:25:01'),(502,2,'f8aacd79-dc5b-4002-ad7b-b5da800a405a','d22fdfb2-6971-454d-b673-91e1431759cc','枕芯|http://list.jd.com/list.html?cat=1620,1621,1628','a','2015-02-21 15:25:01'),(503,2,'f8aacd79-dc5b-4002-ad7b-b5da800a405a','f85b59c2-86dc-49e7-8edf-2d3d9bb722fc','被子|http://list.jd.com/list.html?cat=1620,1621,1627','a','2015-02-21 15:25:01'),(504,2,'f8aacd79-dc5b-4002-ad7b-b5da800a405a','bd1f2f65-073e-4d87-bc4c-faedfd9b4404','电热毯|http://list.jd.com/list.html?cat=1620,1621,2688','a','2015-02-21 15:25:01'),(505,2,'f8aacd79-dc5b-4002-ad7b-b5da800a405a','b03ee915-f8d1-42d1-b6c3-0aa6debd8dda','家装建材|http://channel.jd.com/decoration.html','a','2015-02-21 15:25:01'),(506,2,'f8aacd79-dc5b-4002-ad7b-b5da800a405a','1b90b5df-2c90-4057-a82e-e36dc0305e45','家装软饰|http://channel.jd.com/1620-11158.html','a','2015-02-21 15:25:01'),(507,2,'f8aacd79-dc5b-4002-ad7b-b5da800a405a','47c77c71-d2c7-4b87-b082-9694293e493a','洗衣液|http://list.jd.com/list.html?cat=1620,1625,1662','a','2015-02-21 15:25:01'),(508,2,'f8aacd79-dc5b-4002-ad7b-b5da800a405a','6e90e933-03aa-4002-906c-bf92f58ec655','生活用纸|http://list.jd.com/1620-1625-1671-0-0-0-0-0-0-0-1-1-1-1-1-72-4137-0.html','a','2015-02-21 15:25:01'),(509,2,'f8aacd79-dc5b-4002-ad7b-b5da800a405a','be737a2b-ed6d-4a75-b7ed-73b657da893c','http://c.nfa.jd.com/adclick?sid=2&cid=601&aid=3633&bid=0&unit=75240&advid=115069&guv=&url=http://sale.jd.com/act/yYsf3O1IZoQ4lDmv.html','a','2015-02-21 15:25:01'),(510,2,'f8aacd79-dc5b-4002-ad7b-b5da800a405a','c31a0d2f-c29e-4f51-817e-749b2a135818','http://img30.360buyimg.com/ads/jfs/t544/133/1363382230/20120/cf4b8e40/54d04459Ncfc1b036.jpg','img','2015-02-21 15:25:01'),(511,2,'13814d94-34aa-4ef4-ab9b-4fa995fcd622','332cc017-8359-47c8-8b40-7cf2fddfd717','奶粉|http://channel.jd.com/1319-1523.html','a','2015-02-21 15:25:01'),(512,2,'13814d94-34aa-4ef4-ab9b-4fa995fcd622','2b37b197-f073-4913-ad15-4c4f3d5ca2f1','营养辅食|http://channel.jd.com/1319-1524.html','a','2015-02-21 15:25:01'),(513,2,'13814d94-34aa-4ef4-ab9b-4fa995fcd622','2b0b4760-bb28-473d-a25a-bac6a6e582df','喂养用品|http://channel.jd.com/1319-1526.html','a','2015-02-21 15:25:01'),(514,2,'13814d94-34aa-4ef4-ab9b-4fa995fcd622','518616e0-659a-46ff-9a64-1c8967ff82ba','尿裤湿巾|http://channel.jd.com/1319-1525.html','a','2015-02-21 15:25:01'),(515,2,'13814d94-34aa-4ef4-ab9b-4fa995fcd622','f5e30926-c6ad-4f9f-8fa7-414d872815b0','洗护用品|http://channel.jd.com/1319-1527.html','a','2015-02-21 15:25:01'),(516,2,'13814d94-34aa-4ef4-ab9b-4fa995fcd622','d9c0f9a9-0762-47e3-90d0-b06e5958aad1','寝具服饰|http://channel.jd.com/1319-6313.html','a','2015-02-21 15:25:01'),(517,2,'13814d94-34aa-4ef4-ab9b-4fa995fcd622','fae4d12d-217f-46f7-9093-bc7473b49bc1','妈妈专区|http://channel.jd.com/1319-4997.html','a','2015-02-21 15:25:01'),(518,2,'13814d94-34aa-4ef4-ab9b-4fa995fcd622','8643ac35-3b19-407f-9425-cb5dc9d41e88','玩具乐器|http://channel.jd.com/toys.html','a','2015-02-21 15:25:01'),(519,2,'13814d94-34aa-4ef4-ab9b-4fa995fcd622','e56d5255-142a-4c80-9ae6-d16e3f10de5a','童车童床|http://channel.jd.com/1319-1528.html','a','2015-02-21 15:25:01'),(520,2,'13814d94-34aa-4ef4-ab9b-4fa995fcd622','40495a1e-9198-4147-806a-af50fa5d3ffe','童装童鞋|http://channel.jd.com/1315-3961.html','a','2015-02-21 15:25:01'),(521,2,'13814d94-34aa-4ef4-ab9b-4fa995fcd622','3145da28-93a9-471d-b98d-9e4680eb8b1f','http://c.nfa.jd.com/adclick?sid=2&cid=601&aid=3651&bid=0&unit=75246&advid=112802&guv=&url=http://sale.jd.com/act/dhyp1YN0L4.html','a','2015-02-21 15:25:01'),(522,2,'13814d94-34aa-4ef4-ab9b-4fa995fcd622','4253e0b2-9354-4d48-95ad-a84936cf9cf6','http://img13.360buyimg.com/da/jfs/t778/303/751491350/14719/35a99273/54d82c92N3839df6b.jpg','img','2015-02-21 15:25:01'),(523,2,'9cc46624-281c-4f02-a972-e8364a41784f','f34b4fa5-8b17-4b9f-89c5-e0bba27836f4','进口食品|http://www.360buy.com/products/1320-5019-000.html','a','2015-02-21 15:25:01'),(524,2,'9cc46624-281c-4f02-a972-e8364a41784f','f7701a5d-ce55-4647-8020-8a73beee1845','地方特产|http://www.360buy.com/products/1320-1581-000.html','a','2015-02-21 15:25:01'),(525,2,'9cc46624-281c-4f02-a972-e8364a41784f','ed2757d2-6e86-4041-b843-389dbbe7ebbb','休闲食品|http://www.360buy.com/products/1320-1583-000.html','a','2015-02-21 15:25:01'),(526,2,'9cc46624-281c-4f02-a972-e8364a41784f','47f9a64a-6e10-402a-8a07-dbde38aa39d9','中外名酒|http://channel.jd.com/wine.html','a','2015-02-21 15:25:01'),(527,2,'9cc46624-281c-4f02-a972-e8364a41784f','5975e63f-2a73-431b-a2b6-021ac257e987','冲调饮品|http://list.jd.com/1320-1585-3986.html','a','2015-02-21 15:25:01'),(528,2,'9cc46624-281c-4f02-a972-e8364a41784f','e642f85b-e399-4ee7-b294-27a7b50c4508','粮油调味|http://www.360buy.com/products/1320-1584-000.html','a','2015-02-21 15:25:01'),(529,2,'9cc46624-281c-4f02-a972-e8364a41784f','e4be3e1a-d9b7-4f04-8e29-824eb9bd2505','营养健康|http://channel.jd.com/9192-9193.html','a','2015-02-21 15:25:01'),(530,2,'9cc46624-281c-4f02-a972-e8364a41784f','418fe3ee-e089-464b-963b-ebb0e8bf89da','营养成分|http://channel.jd.com/9192-9194.html','a','2015-02-21 15:25:01'),(531,2,'9cc46624-281c-4f02-a972-e8364a41784f','4d1f1230-9ead-4afe-9009-71b07431be25','传统滋补|http://channel.jd.com/9192-9195.html','a','2015-02-21 15:25:01'),(532,2,'9cc46624-281c-4f02-a972-e8364a41784f','a0b7a96a-a14d-495c-a15d-63ee1ff366b8','生鲜食品|http://channel.jd.com/freshfood.html','a','2015-02-21 15:25:01'),(533,2,'9cc46624-281c-4f02-a972-e8364a41784f','6cbeb964-e9ad-42b5-ab8d-3632ee51e5e0','http://c.nfa.jd.com/adclick?sid=2&cid=601&aid=3654&bid=0&unit=75248&advid=172493&guv=&url=http://item.jd.com/1281728.html','a','2015-02-21 15:25:01'),(534,2,'9cc46624-281c-4f02-a972-e8364a41784f','ee45ae0b-c99e-4c2d-b8d5-66be86021f5c','http://img14.360buyimg.com/da/jfs/t724/191/767998933/22189/3b71c29e/54dd77ceNe0265d68.jpg','img','2015-02-21 15:25:01'),(535,2,'b1708f2b-4c73-4eb5-ba56-b39c480aa91f','db92a035-4cc4-4c5a-baf0-40876a3bf626','数字音乐|http://music.jd.com/','a','2015-02-21 15:25:01'),(536,2,'b1708f2b-4c73-4eb5-ba56-b39c480aa91f','238a0d62-eefc-4e10-926d-0cf406f289c8','文学|http://www.360buy.com/products/1713-3259-000.html','a','2015-02-21 15:25:01'),(537,2,'b1708f2b-4c73-4eb5-ba56-b39c480aa91f','48de5855-abd0-4e54-b35f-cba0eae5b813','电子书|http://e.jd.com/ebook.html','a','2015-02-21 15:25:01'),(538,2,'b1708f2b-4c73-4eb5-ba56-b39c480aa91f','7b5551d6-db33-43a6-97cd-67725cc03641','励志|http://www.360buy.com/products/1713-3266-000.html','a','2015-02-21 15:25:01'),(539,2,'b1708f2b-4c73-4eb5-ba56-b39c480aa91f','82fe6872-c5de-47cb-b671-562f909058cd','音乐|http://mvd.360buy.com/music.html','a','2015-02-21 15:25:01'),(540,2,'b1708f2b-4c73-4eb5-ba56-b39c480aa91f','845f61e8-c1b8-4a82-8bc8-ae75053df0e5','少儿|http://www.360buy.com/products/1713-3263-000.html','a','2015-02-21 15:25:01'),(541,2,'b1708f2b-4c73-4eb5-ba56-b39c480aa91f','0e851b4c-de80-49bb-8315-9cba92d17b61','影视|http://mvd.360buy.com/movie.html','a','2015-02-21 15:25:01'),(542,2,'b1708f2b-4c73-4eb5-ba56-b39c480aa91f','e683ecdb-a120-456c-bc63-83287bf20905','考试|http://www.360buy.com/products/1713-3290-000.html','a','2015-02-21 15:25:01'),(543,2,'b1708f2b-4c73-4eb5-ba56-b39c480aa91f','41287fac-c1aa-47e2-8a52-3d16a9a985d3','教育音像|http://mvd.360buy.com/education.html','a','2015-02-21 15:25:01'),(544,2,'b1708f2b-4c73-4eb5-ba56-b39c480aa91f','2ece1659-3cb4-43e8-a3ae-97123feba098','历史|http://www.360buy.com/products/1713-3273-000.html','a','2015-02-21 15:25:01'),(545,2,'b1708f2b-4c73-4eb5-ba56-b39c480aa91f','693c09d4-d886-4271-9c7a-b59ced32101d','礼品书|http://www.360buy.com/products/1713-3296-000.html','a','2015-02-21 15:25:01'),(546,2,'b1708f2b-4c73-4eb5-ba56-b39c480aa91f','cb7aeb6c-0e3a-42ea-8bde-510505c421c0','旅游|http://www.360buy.com/products/1713-3271-000.html','a','2015-02-21 15:25:01'),(547,2,'b1708f2b-4c73-4eb5-ba56-b39c480aa91f','775ab36c-b9d4-4022-8172-d89ddf366d0f','原版书|http://www.360buy.com/products/1713-4855-000.html','a','2015-02-21 15:25:01'),(548,2,'b1708f2b-4c73-4eb5-ba56-b39c480aa91f','68b26cd7-f83a-444a-8b7c-ee771d528d59','计算机|http://www.360buy.com/products/1713-3287-000.html','a','2015-02-21 15:25:01'),(549,2,'b1708f2b-4c73-4eb5-ba56-b39c480aa91f','fcba1252-fb54-4a76-bbc0-103095b1034a','http://c.nfa.jd.com/adclick?sid=2&cid=601&aid=3658&bid=0&unit=75250&advid=112805&guv=&url=http://book.jd.com/','a','2015-02-21 15:25:01'),(550,2,'b1708f2b-4c73-4eb5-ba56-b39c480aa91f','8845f676-dfa8-4eff-8293-065e8e314768','http://img10.360buyimg.com/da/g14/M07/00/13/rBEhVlG0M0kIAAAAAAA1Rb2A9JkAAAHwgL2PzIAADVd930.jpg','img','2015-02-21 15:25:01'),(551,2,'68e17903-8a1a-43d5-9ad0-7c6939f916e8','0b70024c-0bcd-4c14-9cef-e7ebf1ad3841','http://club.jd.com/bbsDetail/767320_588ae381-1a3a-4068-8336-a5d1ae1e2233_1.html','a','2015-02-21 15:25:01'),(552,2,'68e17903-8a1a-43d5-9ad0-7c6939f916e8','94187938-2a78-415a-8d30-59bad8ff6128','http://img10.360buyimg.com/N4/g6/M04/03/18/rBEGDFC0XuUIAAAAAADDaX1zU0oAAAvIwG3VZgAAMOB602.jpg','img','2015-02-21 15:25:01'),(553,2,'68e17903-8a1a-43d5-9ad0-7c6939f916e8','015838a7-592e-43a6-aaf4-b868ed2fd781','贝亲（Pigeon）婴儿衣物浓缩型清洗液|http://club.jd.com/bbsDetail/767320_588ae381-1a3a-4068-8336-a5d1ae1e2233_1.html','a','2015-02-21 15:25:01'),(554,2,'68e17903-8a1a-43d5-9ad0-7c6939f916e8','d70a955e-5ed6-410a-b15a-2508e8ee6ba9','给宝宝买的专用洗衣液，浓缩型可以用在洗衣机上，更方便！京东送货很安心！很快速！|http://club.jd.com/bbsDetail/767320_588ae381-1a3a-4068-8336-a5d1ae1e2233_1.html','a','2015-02-21 15:25:01'),(555,2,'68e17903-8a1a-43d5-9ad0-7c6939f916e8','b669a1a5-b19f-4971-9cca-de75c9ce08dd','http://club.jd.com/bbsDetail/822477_02f24aac-5b0e-4421-a7fb-5437fcef3b00_1.html','a','2015-02-21 15:25:01'),(556,2,'68e17903-8a1a-43d5-9ad0-7c6939f916e8','4193a823-6d4e-4a03-85c6-d0c89a21d26c','http://img10.360buyimg.com/N4/g16/M00/03/0F/rBEbRVNsm0IIAAAAAADQThAnwIMAAArZAP7JR8AANBm777.jpg','img','2015-02-21 15:25:01'),(557,2,'68e17903-8a1a-43d5-9ad0-7c6939f916e8','ab54fbf2-9f2c-4bc4-b403-fc0567d98c5f','德国 凯斯勒圣母之乳甜白葡萄酒|http://club.jd.com/bbsDetail/822477_02f24aac-5b0e-4421-a7fb-5437fcef3b00_1.html','a','2015-02-21 15:25:01'),(558,2,'68e17903-8a1a-43d5-9ad0-7c6939f916e8','a9d5fee9-9598-4218-b38d-2c214e1f20c6','昨晚收到货，立马打开品尝，初始味道微酸单宁味很浓，放置10分钟后，再尝能很轻松捕捉到后甜的愉悦，总之酒不错。|http://club.jd.com/bbsDetail/822477_02f24aac-5b0e-4421-a7fb-5437fcef3b00_1.html','a','2015-02-21 15:25:01'),(559,2,'68e17903-8a1a-43d5-9ad0-7c6939f916e8','8c39198c-e47c-4fa3-92e1-f107b7b39185','http://club.jd.com/bbsDetail/217568_b9abe4cc-28a9-4c62-afbd-ee2efdb64ba6_1.html','a','2015-02-21 15:25:01'),(560,2,'68e17903-8a1a-43d5-9ad0-7c6939f916e8','ec6f06e4-f14a-4be4-ae8e-f96201fac231','http://img10.360buyimg.com/N4/jfs/t448/336/1346081750/117755/8d90c633/54d07013Nbd8eb4c6.jpg','img','2015-02-21 15:25:01'),(561,2,'68e17903-8a1a-43d5-9ad0-7c6939f916e8','4c105339-2f0a-483e-8487-d0f462be0ed0','世家 灵巧型 平拖 除尘多面手 耐用拖把|http://club.jd.com/bbsDetail/217568_b9abe4cc-28a9-4c62-afbd-ee2efdb64ba6_1.html','a','2015-02-21 15:25:01'),(562,2,'68e17903-8a1a-43d5-9ad0-7c6939f916e8','becba75b-6522-4c49-9e43-d1c266f16fc3','这是一款好拖把，首先握在手里，它的厚重，无论塑料还是钢材，还有除尘布，超细纤维的，都不是档次差的，使用效果很好，360度旋转，卫生死角统统搞掂，家里原有的除尘纸也可以夹上用了，旧毛巾也可以，真棒啊，杆可以随意调节长短，终于有一个清洁卫生的好帮手了。|http://club.jd.com/bbsDetail/217568_b9abe4cc-28a9-4c62-afbd-ee2efdb64ba6_1.html','a','2015-02-21 15:25:01'),(563,2,'68e17903-8a1a-43d5-9ad0-7c6939f916e8','56634171-6a28-4af9-9d98-8cba7bac96e8','http://club.jd.com/bbsDetail/1100120_9636a537-34ec-4ba5-9875-7775bc52d8a4_1.html','a','2015-02-21 15:25:01'),(564,2,'68e17903-8a1a-43d5-9ad0-7c6939f916e8','3b2847de-d517-4ab9-a43f-e0ef6ede329d','http://img10.360buyimg.com/N4/g14/M01/1F/12/rBEhVVNGCqsIAAAAAAFdwnPS_F0AALp8QEBh7AAAV3a839.jpg','img','2015-02-21 15:25:01'),(565,2,'68e17903-8a1a-43d5-9ad0-7c6939f916e8','11128e9f-01f0-4946-8889-ec82134495ec','天梭(TISSOT)手表 卡森系列石英男表|http://club.jd.com/bbsDetail/1100120_9636a537-34ec-4ba5-9875-7775bc52d8a4_1.html','a','2015-02-21 15:25:01'),(566,2,'68e17903-8a1a-43d5-9ad0-7c6939f916e8','47a15c02-266e-4fbf-b8f5-992cc6f1ec36','邮递速度快，表简洁大方！是年轻人的好礼物！值得拥有！文艺范！三星note3拍的，也在京东买的！信任京东！|http://club.jd.com/bbsDetail/1100120_9636a537-34ec-4ba5-9875-7775bc52d8a4_1.html','a','2015-02-21 15:25:01'),(567,2,'68e17903-8a1a-43d5-9ad0-7c6939f916e8','027571f4-762a-4034-b844-46a79191010f','http://club.jd.com/bbsDetail/1010830_65ad24ee-14fe-4196-9807-797a4fd35aff_1.html','a','2015-02-21 15:25:01'),(568,2,'68e17903-8a1a-43d5-9ad0-7c6939f916e8','1fc58936-e817-47fa-bb03-48215a70831a','http://img10.360buyimg.com/N4/g13/M00/06/11/rBEhVFKNegUIAAAAAAFtmOXBOecAAFvwgG4EsQAAW2w804.jpg','img','2015-02-21 15:25:01'),(569,2,'68e17903-8a1a-43d5-9ad0-7c6939f916e8','77ba6561-130a-4b23-b789-0d8fc3d7289a','得力（deli）时尚靓彩系列5层塑料文件柜|http://club.jd.com/bbsDetail/1010830_65ad24ee-14fe-4196-9807-797a4fd35aff_1.html','a','2015-02-21 15:25:01'),(570,2,'68e17903-8a1a-43d5-9ad0-7c6939f916e8','70ed1176-b50f-4e3b-8f1e-c89b55240fc3','办公用品几乎都是得力的。 看到得力出这个系列的小文件柜，很是喜欢。 给主管一人买了一个这个，都特别喜欢。|http://club.jd.com/bbsDetail/1010830_65ad24ee-14fe-4196-9807-797a4fd35aff_1.html','a','2015-02-21 15:25:01'),(571,2,'68e17903-8a1a-43d5-9ad0-7c6939f916e8','5ae45b6b-fdbd-40dd-9a28-e378dc8f23c9','http://club.jd.com/bbsDetail/1137879247_16090722-db3a-4b4d-8241-4e27e44718f4_1.html','a','2015-02-21 15:25:01'),(572,2,'68e17903-8a1a-43d5-9ad0-7c6939f916e8','6c914f93-d122-4357-a749-37658a4179ac','http://img10.360buyimg.com/N4/jfs/t154/286/2349733369/714289/b5e554f/53ce11d6Nd4bded92.jpg','img','2015-02-21 15:25:01'),(573,2,'68e17903-8a1a-43d5-9ad0-7c6939f916e8','e46a45f6-018f-4515-9f2a-8a3ab680e73a','燊乐（shenle) 蓝牙仿古纯铜大喇叭留声机|http://club.jd.com/bbsDetail/1137879247_16090722-db3a-4b4d-8241-4e27e44718f4_1.html','a','2015-02-21 15:25:01'),(574,2,'68e17903-8a1a-43d5-9ad0-7c6939f916e8','db1efe6b-9c17-4fa9-9e73-b4f8d647d437','快递还是挺快的，虽然遇上了双11也还是挺快，来的时候柜子是板，得自己组装，我跟老公装了一个小时，搞定了，只是留声机没有说明书，给客服打了电话才会连蓝牙的，整体还是不错的，很喜欢，主要比实体店便宜很多，喜欢的朋友可以下手了，是正品的，售后服务也不错！|http://club.jd.com/bbsDetail/1137879247_16090722-db3a-4b4d-8241-4e27e44718f4_1.html','a','2015-02-21 15:25:01'),(575,2,'5a3609c9-dbda-4944-9806-18d5e7a290d8','910468b3-5244-4274-8867-ea5265ac0c16','http://club.jd.com/CommunityAct/10002661.html','a','2015-02-21 15:25:01'),(576,2,'5a3609c9-dbda-4944-9806-18d5e7a290d8','77cd29db-d212-4e05-b5ce-4c0eb18e75f3','http://img10.360buyimg.com/vclist/jfs/t469/313/1369469150/49999/76ff3cb9/54d18a9cN9c05cbbd.jpg','img','2015-02-21 15:25:01'),(577,2,'5a3609c9-dbda-4944-9806-18d5e7a290d8','0d1b3e7d-ff18-49ac-ba8e-4bf245e97c98','汤臣倍健盖尔乐咀嚼片0元购~|http://club.jd.com/CommunityAct/10002661.html','a','2015-02-21 15:25:01'),(578,2,'5a3609c9-dbda-4944-9806-18d5e7a290d8','5fad12d8-9770-4940-bc17-fb52fe468d25','汤臣倍健（BY-HEALTH）盖尔乐咀嚼片增加骨密度，0元购~|http://club.jd.com/CommunityAct/10002661.html','a','2015-02-21 15:25:01'),(579,2,'5a3609c9-dbda-4944-9806-18d5e7a290d8','32f92bc8-e753-4f46-8c0e-bf30f80d9c8d','http://club.jd.com/CommunityAct/10002658.html','a','2015-02-21 15:25:02'),(580,2,'5a3609c9-dbda-4944-9806-18d5e7a290d8','60abda42-b1d6-4590-a552-0e5a3b393148','http://img10.360buyimg.com/vclist/jfs/t793/195/17251645/78983/cd3612c0/54e14803N18325c70.jpg','img','2015-02-21 15:25:02'),(581,2,'5a3609c9-dbda-4944-9806-18d5e7a290d8','d31c8622-b956-4b15-b0a4-baa926fb49a1','艾科灵睿血糖仪0元试用活动|http://club.jd.com/CommunityAct/10002658.html','a','2015-02-21 15:25:02'),(582,2,'5a3609c9-dbda-4944-9806-18d5e7a290d8','e18e22cb-0fe7-4ebf-bd96-606d53b33bc9','艾科灵睿血糖仪+5片试纸，0元试用火热来袭~|http://club.jd.com/CommunityAct/10002658.html','a','2015-02-21 15:25:02'),(583,2,'5a3609c9-dbda-4944-9806-18d5e7a290d8','d12da8b5-fc47-4a44-b5e1-166b97ce1ae8','http://club.jd.com/CommunityAct/10002657.html','a','2015-02-21 15:25:02'),(584,2,'5a3609c9-dbda-4944-9806-18d5e7a290d8','ec037b3d-5b70-4a6e-80fe-32be56b4c83f','http://img10.360buyimg.com/vclist/jfs/t742/60/669575233/91038/457aa5d1/54d18ad7Ndb41e042.jpg','img','2015-02-21 15:25:02'),(585,2,'5a3609c9-dbda-4944-9806-18d5e7a290d8','f34f072d-bc92-45b0-89c3-f849af48342c','和美康TDP电磁波神灯治疗仪0元试用|http://club.jd.com/CommunityAct/10002657.html','a','2015-02-21 15:25:02'),(586,2,'5a3609c9-dbda-4944-9806-18d5e7a290d8','f2e2fb9d-0dc2-47f0-87c2-72bb355d05b8','和美康（Homecare）TDP电磁波神灯治疗仪0元试用~|http://club.jd.com/CommunityAct/10002657.html','a','2015-02-21 15:25:02'),(587,2,'5a3609c9-dbda-4944-9806-18d5e7a290d8','68b8470e-5ed6-4c40-a939-7c2bc2e0bcc7','http://club.jd.com/CommunityAct/10002656.html','a','2015-02-21 15:25:02'),(588,2,'5a3609c9-dbda-4944-9806-18d5e7a290d8','64d67a6c-afc1-4a89-bff4-4eb26696e0f6','http://img10.360buyimg.com/vclist/jfs/t547/279/1343609382/107245/7daeb658/54d0251aN9e8028ad.jpg','img','2015-02-21 15:25:02'),(589,2,'5a3609c9-dbda-4944-9806-18d5e7a290d8','92c0f60c-8c74-4c38-a978-2a4fe5ea6ff8','诺优能、可瑞康、爱他美品牌奶粉有奖盖楼|http://club.jd.com/CommunityAct/10002656.html','a','2015-02-21 15:25:02'),(590,2,'5a3609c9-dbda-4944-9806-18d5e7a290d8','3f01d2a1-c7a9-46ec-b46f-901767e0f57c','诺优能、可瑞康、爱他美品牌奶粉有奖盖楼~赢百元优惠券！|http://club.jd.com/CommunityAct/10002656.html','a','2015-02-21 15:25:02'),(591,2,'5a3609c9-dbda-4944-9806-18d5e7a290d8','cbe1d143-5432-4d90-a4d1-15206e1fa6a5','http://club.jd.com/CommunityAct/10002659.html','a','2015-02-21 15:25:02'),(592,2,'5a3609c9-dbda-4944-9806-18d5e7a290d8','fbb8b0c5-0b8b-4f9f-91f8-faffc56f12c6','http://img10.360buyimg.com/vclist/jfs/t1096/239/12225832/32872/e08297c8/54dd598eN2778435a.jpg','img','2015-02-21 15:25:02'),(593,2,'5a3609c9-dbda-4944-9806-18d5e7a290d8','a0967885-f8aa-48c9-afee-e48562aaf220','朴佳美牌孕妇补钙补铁0元试用|http://club.jd.com/CommunityAct/10002659.html','a','2015-02-21 15:25:02'),(594,2,'5a3609c9-dbda-4944-9806-18d5e7a290d8','3d35a76b-46ad-4368-97e9-257ffde391f9','朴佳美牌孕中期多种维生素多种矿物质片0元试用~|http://club.jd.com/CommunityAct/10002659.html','a','2015-02-21 15:25:02'),(595,2,'5a3609c9-dbda-4944-9806-18d5e7a290d8','dea3f8a3-907b-4f0d-841b-02e65c2c7c6a','http://club.jd.com/CommunityAct/10002644.html','a','2015-02-21 15:25:02'),(596,2,'5a3609c9-dbda-4944-9806-18d5e7a290d8','2d23a246-f005-429c-8ff8-52e7bfd89025','http://img10.360buyimg.com/vclist/jfs/t757/242/681510876/44520/1d58ed98/54cee07cNa851e0f8.jpg','img','2015-02-21 15:25:02'),(597,2,'5a3609c9-dbda-4944-9806-18d5e7a290d8','4122dd41-9f38-4f3c-857d-0e6b61c7db36','忠臣不挑锅全钢电陶炉好评晒单送豪礼|http://club.jd.com/CommunityAct/10002644.html','a','2015-02-21 15:25:02'),(598,2,'5a3609c9-dbda-4944-9806-18d5e7a290d8','b3e78fc9-5c7c-4f7b-b2f1-85451c822602','新年豪礼送不停!忠臣新年诚意之作——全钢、超大炉盘、无辐射、不挑锅的电陶炉 新年不容错过！|http://club.jd.com/CommunityAct/10002644.html','a','2015-02-21 15:25:02'),(599,2,'626953b7-2228-460f-a385-ec79d2fcad90','fa6f1332-86af-4f91-9043-e1c30b3725fb','http://sale.jd.com/act/GsoU6BMjOlKYygA.html','a','2015-02-21 15:25:02'),(600,2,'626953b7-2228-460f-a385-ec79d2fcad90','42cd193f-eca5-4f9b-a8a2-c5f422da9885','http://img10.360buyimg.com/vclist/jfs/t631/357/754283473/8110/9c2ed326/54854ad8N6680afb3.jpg','img','2015-02-21 15:25:02'),(601,2,'626953b7-2228-460f-a385-ec79d2fcad90','f2e65ca0-8370-4074-907f-dec992dc4720','电子书安卓端7天免费读|http://sale.jd.com/act/gil7DwYjdGEVP.html','a','2015-02-21 15:25:02'),(602,2,'626953b7-2228-460f-a385-ec79d2fcad90','91919a16-3584-4198-a872-f15eb159a0b5','·','b','2015-02-21 15:25:02'),(603,2,'626953b7-2228-460f-a385-ec79d2fcad90','02e56c39-8393-47c2-b944-a75cb3abadc5','《袁腾飞讲先秦》(套装全两册)|http://read.jd.com/16803/index.html','a','2015-02-21 15:25:02'),(604,2,'626953b7-2228-460f-a385-ec79d2fcad90','7220eeb4-3272-45fb-8936-51c9d678633d','·','b','2015-02-21 15:25:02'),(605,2,'626953b7-2228-460f-a385-ec79d2fcad90','c9f531e6-97ac-45b1-822f-3e21b2778d52','《只为成功找方法》升职宝典|http://read.jd.com/16805/index.html','a','2015-02-21 15:25:02'),(606,2,'626953b7-2228-460f-a385-ec79d2fcad90','ce2eb183-756d-41e3-a389-dfbc7597eb0b','·','b','2015-02-21 15:25:02'),(607,2,'626953b7-2228-460f-a385-ec79d2fcad90','6f2988a9-73dc-4063-bab7-7c82927c6599','《如果世界只有我和你》蔡骏荐|http://read.jd.com/16798/','a','2015-02-21 15:25:02'),(608,2,'626953b7-2228-460f-a385-ec79d2fcad90','8663b9a6-85d9-4286-9954-f8b87d4998b3','·','b','2015-02-21 15:25:02'),(609,6,'d7ca95b1-beb4-42ee-8296-2ffd85f3970d','f919adf8-300d-4409-a6c5-243f9981bccd','','a','2015-02-21 15:44:25'),(610,6,'d7ca95b1-beb4-42ee-8296-2ffd85f3970d','7f9809b7-74d6-408b-91fc-160dff7684dd','1 Answer','h2','2015-02-21 15:44:26'),(611,6,'d7ca95b1-beb4-42ee-8296-2ffd85f3970d','00462969-9a34-48f0-a483-ab8a2521d8cf','1','span','2015-02-21 15:44:26'),(612,6,'d7ca95b1-beb4-42ee-8296-2ffd85f3970d','f3f4db74-99df-4cd4-aa02-43e701b52000','active|http://stackoverflow.com/questions/26600444/using-jsoup-to-select-classes-and-id?answertab=active#tab-top','a','2015-02-21 15:44:26'),(613,6,'d7ca95b1-beb4-42ee-8296-2ffd85f3970d','a394ea0d-55fe-4a36-a319-94ec74b42ac7','oldest|http://stackoverflow.com/questions/26600444/using-jsoup-to-select-classes-and-id?answertab=oldest#tab-top','a','2015-02-21 15:44:26'),(614,6,'d7ca95b1-beb4-42ee-8296-2ffd85f3970d','035662dd-93da-40e8-b3df-62df70236c6b','votes|http://stackoverflow.com/questions/26600444/using-jsoup-to-select-classes-and-id?answertab=votes#tab-top','a','2015-02-21 15:44:26'),(615,6,'d7ca95b1-beb4-42ee-8296-2ffd85f3970d','1ebcc9e9-dd5a-4cf6-906a-203554111dc3','','a','2015-02-21 15:44:26'),(616,6,'d7ca95b1-beb4-42ee-8296-2ffd85f3970d','007db39d-1654-4814-b4dc-411dcbf77387','up vote|','a','2015-02-21 15:44:26'),(617,6,'d7ca95b1-beb4-42ee-8296-2ffd85f3970d','ab73649b-9e76-4078-9879-238bb68d52b2','0','span','2015-02-21 15:44:26'),(618,6,'d7ca95b1-beb4-42ee-8296-2ffd85f3970d','2e5e81e6-7679-43c9-ada1-c8864b021e75','down vote|','a','2015-02-21 15:44:26'),(619,6,'d7ca95b1-beb4-42ee-8296-2ffd85f3970d','c5fda665-dddc-43ae-b759-1de832724524','accepted','span','2015-02-21 15:44:26'),(620,6,'d7ca95b1-beb4-42ee-8296-2ffd85f3970d','8d89c9db-bf72-4e84-adbc-0d5abc295321','Instead of using POST request, try GET one:','p','2015-02-21 15:44:26'),(621,6,'d7ca95b1-beb4-42ee-8296-2ffd85f3970d','e9074cc4-85d8-408f-8e1a-4020415ee497','Document query_result = Jsoup.connect(\"http://www.shopping.com/digital-camera/products?CLT=SCH&KW=digital+camera\")\n            .get();','code','2015-02-21 15:44:26'),(622,6,'d7ca95b1-beb4-42ee-8296-2ffd85f3970d','c39c6217-8301-4758-9a54-0750a658c649','Take a look how does this search works. It doesn\'t use POST method and it keeps all search parameters in a query string. After this small change your first select example will work well.','p','2015-02-21 15:44:26'),(623,6,'d7ca95b1-beb4-42ee-8296-2ffd85f3970d','7a915064-a101-48fa-9d0a-55e975823ad1','share|http://stackoverflow.com/a/26601679','a','2015-02-21 15:44:26'),(624,6,'d7ca95b1-beb4-42ee-8296-2ffd85f3970d','11dfb8b9-9a85-40e5-b25c-0366489777ab','|','span','2015-02-21 15:44:26'),(625,6,'d7ca95b1-beb4-42ee-8296-2ffd85f3970d','6e1cc620-cb5e-482a-9723-4039814e6d28','improve this answer|http://stackoverflow.com/posts/26601679/edit','a','2015-02-21 15:44:26'),(626,6,'d7ca95b1-beb4-42ee-8296-2ffd85f3970d','4979d804-8a4c-4868-bb46-7a88df0ee079','answered','div','2015-02-21 15:44:26'),(627,6,'d7ca95b1-beb4-42ee-8296-2ffd85f3970d','61195574-3f0d-40bc-85eb-a80c72c31f7a','Oct 28 \'14 at 5:51','span','2015-02-21 15:44:26'),(628,6,'d7ca95b1-beb4-42ee-8296-2ffd85f3970d','8abeef14-0f87-4a0a-a731-7fc756fdce46','http://stackoverflow.com/users/2194470/szymon-stepniak','a','2015-02-21 15:44:26'),(629,6,'d7ca95b1-beb4-42ee-8296-2ffd85f3970d','0d10d67b-a3f0-4dac-a37d-b3fdb0b368fb','https://www.gravatar.com/avatar/b22c1842c6e8f7f2b9b3ed8c0d4efb4d?s=32&d=identicon&r=PG','img','2015-02-21 15:44:26'),(630,6,'d7ca95b1-beb4-42ee-8296-2ffd85f3970d','43b161d7-b92e-4aa1-8426-b525454484ed','Szymon Stepniak|http://stackoverflow.com/users/2194470/szymon-stepniak','a','2015-02-21 15:44:26'),(631,6,'d7ca95b1-beb4-42ee-8296-2ffd85f3970d','c863eeaa-feb0-40b8-97ee-12f98d963d52','866','span','2015-02-21 15:44:26'),(632,6,'d7ca95b1-beb4-42ee-8296-2ffd85f3970d','e08289c1-a2ad-49a2-815a-8b9c323c529d','3','span','2015-02-21 15:44:26'),(633,6,'d7ca95b1-beb4-42ee-8296-2ffd85f3970d','26a6b179-70d1-452d-b368-e25403a87438','13','span','2015-02-21 15:44:26'),(634,6,'d7ca95b1-beb4-42ee-8296-2ffd85f3970d','c7a4ba1e-b37b-4520-9053-95985c8597d7',' ','td','2015-02-21 15:44:26'),(635,6,'d7ca95b1-beb4-42ee-8296-2ffd85f3970d','b32b7009-215f-47ec-aa01-f9ed08e76665','– ','div','2015-02-21 15:44:26'),(636,6,'d7ca95b1-beb4-42ee-8296-2ffd85f3970d','160e6ea0-0fe5-44f3-becf-757173799f74','Thanks it works, although I am a bit confused, when you query something don\'t you always post instead of get?','span','2015-02-21 15:44:26'),(637,6,'d7ca95b1-beb4-42ee-8296-2ffd85f3970d','0a0dccce-3f70-4f11-ba13-9cc9854d53c2','user87852|http://stackoverflow.com/users/3574556/user87852','a','2015-02-21 15:44:26'),(638,6,'d7ca95b1-beb4-42ee-8296-2ffd85f3970d','3b24347f-d2ef-478a-a340-30cb1a6c677f','Oct 28 \'14 at 6:28','span','2015-02-21 15:44:26'),(639,6,'d7ca95b1-beb4-42ee-8296-2ffd85f3970d','e0917bba-85fd-4145-9658-44559f153f4a','1','span','2015-02-21 15:44:26'),(640,6,'d7ca95b1-beb4-42ee-8296-2ffd85f3970d','2ea91f3c-abc1-4d17-8abd-1f391ce3a7ac',' ','td','2015-02-21 15:44:26'),(641,6,'d7ca95b1-beb4-42ee-8296-2ffd85f3970d','fc632dad-c662-4840-be80-aeec8b21e6ca','– ','div','2015-02-21 15:44:26'),(642,6,'d7ca95b1-beb4-42ee-8296-2ffd85f3970d','07dc8a69-3750-4052-825c-787f3b7a6fb9','With forms like this (search form, filter form etc.) in most cases you use GET method. And the reason is very pragmatic - you can simply pass all query parameters in a URL using for e.g. pagination. If you would use POST in this case, you will have to store all query parameters somewhere (e.g. session) and manage the lifecycle of those one. That\'s why it\'s convenient to pass them through GET request. POST is mostly reserved for forms where you dont want to share anywhere the data that was posted, like user settings form, sign in/up form etc.','span','2015-02-21 15:44:26'),(643,6,'d7ca95b1-beb4-42ee-8296-2ffd85f3970d','f3caa116-39d4-4a75-94e2-f97ee5f60d33','Szymon Stepniak|http://stackoverflow.com/users/2194470/szymon-stepniak','a','2015-02-21 15:44:26'),(644,6,'d7ca95b1-beb4-42ee-8296-2ffd85f3970d','d8aa330e-5875-48ec-8d7a-ba2894d1e531','Oct 28 \'14 at 8:10','span','2015-02-21 15:44:26'),(645,6,'d7ca95b1-beb4-42ee-8296-2ffd85f3970d','9aa9f382-cef7-4e00-8a80-ac3eab646b13','add a comment|','a','2015-02-21 15:44:26'),(646,6,'d7ca95b1-beb4-42ee-8296-2ffd85f3970d','cdcc7dcf-d66e-4c51-963c-9139a36ed31b',' | ','span','2015-02-21 15:44:26'),(647,6,'d7ca95b1-beb4-42ee-8296-2ffd85f3970d','64bec5fc-cd34-4b4e-ba66-b54f1a497441','http://stackoverflow.com/questions/26600444/using-jsoup-to-select-classes-and-id#','a','2015-02-21 15:44:26'),(648,6,'d7ca95b1-beb4-42ee-8296-2ffd85f3970d','2fb9392b-4e2d-4522-a970-8edde9a8f7dd','','a','2015-02-21 15:44:26'),(649,6,'d7ca95b1-beb4-42ee-8296-2ffd85f3970d','9eecedae-8888-4dfc-87e4-10ecfafe0372','Your Answer','h2','2015-02-21 15:44:26'),(650,6,'d7ca95b1-beb4-42ee-8296-2ffd85f3970d','d9e9de1a-1150-4354-ada5-678b9bfb326a',' ','div','2015-02-21 15:44:26'),(651,6,'d7ca95b1-beb4-42ee-8296-2ffd85f3970d','728edb7a-1576-47ff-aa63-7756c2221284','draft saved','div','2015-02-21 15:44:26'),(652,6,'d7ca95b1-beb4-42ee-8296-2ffd85f3970d','ec14e703-0d81-4e74-9d3d-9cab8a9ef195','draft discarded','div','2015-02-21 15:44:26'),(653,6,'d7ca95b1-beb4-42ee-8296-2ffd85f3970d','7b9dc037-72a5-4097-9400-a9c46375277e','Sign up or','h3','2015-02-21 15:44:26'),(654,6,'d7ca95b1-beb4-42ee-8296-2ffd85f3970d','74048cef-ba78-4d6f-b10a-f558a9675e97','log in|http://stackoverflow.com/users/login?returnurl=%2fquestions%2f26600444%2fusing-jsoup-to-select-classes-and-id%23new-answer','a','2015-02-21 15:44:26'),(655,6,'d7ca95b1-beb4-42ee-8296-2ffd85f3970d','6555b07d-f6a0-4f31-a6b1-c42b43aab8fd','Sign up using Google','span','2015-02-21 15:44:26'),(656,6,'d7ca95b1-beb4-42ee-8296-2ffd85f3970d','32b26079-8a94-4d4a-893a-e0059edee1c8','Sign up using Facebook','span','2015-02-21 15:44:26'),(657,6,'d7ca95b1-beb4-42ee-8296-2ffd85f3970d','1f2072cb-82e2-4f49-927a-885e6a9b43b5','Sign up using Stack Exchange','span','2015-02-21 15:44:26'),(658,6,'d7ca95b1-beb4-42ee-8296-2ffd85f3970d','8bb2393b-fc66-4718-b25c-346fa9648b4a','Post as a guest','h3','2015-02-21 15:44:26'),(659,6,'d7ca95b1-beb4-42ee-8296-2ffd85f3970d','f7280cf9-ba72-45db-9598-06949f737e27','Name','label','2015-02-21 15:44:26'),(660,6,'d7ca95b1-beb4-42ee-8296-2ffd85f3970d','12b29a54-1ae1-4432-8454-5e707caf8cc4','Email','label','2015-02-21 15:44:26'),(661,6,'d7ca95b1-beb4-42ee-8296-2ffd85f3970d','8cbab835-ce52-4d8c-b09e-5c86d525c67b','Post as a guest','h3','2015-02-21 15:44:26'),(662,6,'d7ca95b1-beb4-42ee-8296-2ffd85f3970d','7a4c46bd-31f7-428a-8908-e36787635077','Name','label','2015-02-21 15:44:26'),(663,6,'d7ca95b1-beb4-42ee-8296-2ffd85f3970d','e0257bc3-0c7d-4610-a5a8-49f3a40a5b2a','Email','label','2015-02-21 15:44:26'),(664,6,'d7ca95b1-beb4-42ee-8296-2ffd85f3970d','859fcd0d-d272-47c2-be5f-f9f622b74b89','discard|http://stackoverflow.com/questions/26600444/using-jsoup-to-select-classes-and-id#','a','2015-02-21 15:44:26'),(665,6,'d7ca95b1-beb4-42ee-8296-2ffd85f3970d','2f1db51e-f154-4d0d-82c2-2a9ffdeab3e2','By posting your answer, you agree to the and .','p','2015-02-21 15:44:26'),(666,6,'d7ca95b1-beb4-42ee-8296-2ffd85f3970d','669a3485-c351-44d6-9600-698b15418399','privacy policy|http://stackexchange.com/legal/privacy-policy','a','2015-02-21 15:44:26'),(667,6,'d7ca95b1-beb4-42ee-8296-2ffd85f3970d','950465a4-c195-4676-a854-9693e9110d21','terms of service|http://stackexchange.com/legal/terms-of-service','a','2015-02-21 15:44:26'),(668,6,'d7ca95b1-beb4-42ee-8296-2ffd85f3970d','d7a2388d-f2d2-4e58-8c27-0cce26e25300','Not the answer you\'re looking for? Browse other questions tagged or .','h2','2015-02-21 15:44:26'),(669,6,'d7ca95b1-beb4-42ee-8296-2ffd85f3970d','c4f3f3b6-67eb-4369-b05b-0ce48f97ba77','java|http://stackoverflow.com/questions/tagged/java','a','2015-02-21 15:44:26'),(670,6,'d7ca95b1-beb4-42ee-8296-2ffd85f3970d','5ec1f7cf-449e-4c9a-8513-29eacbc4ca2b','css|http://stackoverflow.com/questions/tagged/css','a','2015-02-21 15:44:26'),(671,6,'d7ca95b1-beb4-42ee-8296-2ffd85f3970d','7d78f0af-e8d1-4613-84f0-a540f230c19f','jsoup|http://stackoverflow.com/questions/tagged/jsoup','a','2015-02-21 15:44:27'),(672,6,'d7ca95b1-beb4-42ee-8296-2ffd85f3970d','e4ff8752-8775-4dcd-ba0d-d4f475f2580d','ask your own question|http://stackoverflow.com/questions/ask','a','2015-02-21 15:44:27'),(673,6,'d7ca95b1-beb4-42ee-8296-2ffd85f3970d','c7a4ba1e-b37b-4520-9053-95985c8597d7',' ','td','2015-02-21 15:44:26'),(674,6,'d7ca95b1-beb4-42ee-8296-2ffd85f3970d','c7a4ba1e-b37b-4520-9053-95985c8597d7',' ','td','2015-02-21 15:44:26'),(675,8,'6dbc0921-7cd3-412e-b7d2-7aca6cbae416','692c1138-dc73-427f-aaf3-81278b06ee6d','>>更多|http://iamtop.net/index.php?r=xwzx/8','a','2015-02-21 15:49:16'),(676,8,'6dbc0921-7cd3-412e-b7d2-7aca6cbae416','92a04553-9240-4f16-b3a6-24ad57656b8f','热烈祝贺公司荣获“国家火炬计划软件产业基地骨干企业...|http://iamtop.net/index.php?r=xwzx/8/652','a','2015-02-21 15:49:16'),(677,8,'6dbc0921-7cd3-412e-b7d2-7aca6cbae416','79933d5f-2b1c-4560-aaf3-92bef2d52dce','[2015-02-12]','span','2015-02-21 15:49:16'),(678,8,'6dbc0921-7cd3-412e-b7d2-7aca6cbae416','b3090d09-8b67-4830-a107-b2a9c8eb4032','热烈祝贺公司成为“数据中心联盟”的高级会员单位|http://iamtop.net/index.php?r=xwzx/8/651','a','2015-02-21 15:49:16'),(679,8,'6dbc0921-7cd3-412e-b7d2-7aca6cbae416','620d6a44-392a-4b07-b90d-cad8313c691c','[2015-02-06]','span','2015-02-21 15:49:16'),(680,8,'6dbc0921-7cd3-412e-b7d2-7aca6cbae416','4fa51594-1612-49d7-94ca-3a45c207e6aa','公司又获发明专利《基于MEMS的人体生理参数检测装...|http://iamtop.net/index.php?r=xwzx/8/650','a','2015-02-21 15:49:16'),(681,8,'6dbc0921-7cd3-412e-b7d2-7aca6cbae416','64899809-3de5-4917-a3eb-d3e49404226d','[2015-01-26]','span','2015-02-21 15:49:16'),(682,8,'6dbc0921-7cd3-412e-b7d2-7aca6cbae416','45f9fa1d-b768-4d65-994a-e641012e9296','全市县域经济发展观摩会与会领导到中印软件产业园视察...|http://iamtop.net/index.php?r=xwzx/8/649','a','2015-02-21 15:49:16'),(683,8,'6dbc0921-7cd3-412e-b7d2-7aca6cbae416','541d8f72-dba5-4540-a61d-3230bddd236c','[2015-01-12]','span','2015-02-21 15:49:16'),(684,8,'6dbc0921-7cd3-412e-b7d2-7aca6cbae416','290c1ccd-2161-4896-a16c-ff4cc05b0deb','中印软件产业园庆圣诞迎新年联欢会圆满举行|http://iamtop.net/index.php?r=xwzx/8/648','a','2015-02-21 15:49:16'),(685,8,'6dbc0921-7cd3-412e-b7d2-7aca6cbae416','6f22f7e5-cb27-45b6-b607-d7c4a8c655f6','[2014-12-26]','span','2015-02-21 15:49:16'),(686,8,'6dbc0921-7cd3-412e-b7d2-7aca6cbae416','aab6a558-4d85-4e32-9a56-033eba2285ca','乌克兰国立技术大学科研副校长卡瓦利博士到公司洽谈合...|http://iamtop.net/index.php?r=xwzx/8/647','a','2015-02-21 15:49:16'),(687,8,'6dbc0921-7cd3-412e-b7d2-7aca6cbae416','d05de059-ec5e-4453-af37-2543927256fa','[2014-12-20]','span','2015-02-21 15:49:16'),(688,8,'6dbc0921-7cd3-412e-b7d2-7aca6cbae416','d50dad2e-c88f-435d-ba0d-96b7660b2b4c','2014首届临沂市软企产品对接洽谈会在中印软件产业...|http://iamtop.net/index.php?r=xwzx/8/646','a','2015-02-21 15:49:16'),(689,8,'6dbc0921-7cd3-412e-b7d2-7aca6cbae416','aadf7e0f-3b50-40c2-b069-925c4af2dad9','[2014-12-17]','span','2015-02-21 15:49:16'),(690,9,'6e6068a3-9212-4032-b40d-d57247526a50','534c2e4a-c53d-4d95-8dfd-7d3cd0d41087','传 真：','td','2015-02-21 15:50:14'),(691,9,'6e6068a3-9212-4032-b40d-d57247526a50','4be0bc70-42ab-436d-8230-db8a750cfbea','0539-6012997','td','2015-02-21 15:50:14'),(692,9,'6e6068a3-9212-4032-b40d-d57247526a50','a20489d9-6994-415d-a912-a216b3baa42a','邮 编：','td','2015-02-21 15:50:14'),(693,9,'6e6068a3-9212-4032-b40d-d57247526a50','51687ccc-1426-4a02-ada4-e128a964a4d5','276034','td','2015-02-21 15:50:14'),(694,9,'6e6068a3-9212-4032-b40d-d57247526a50','a109b642-d646-4bc1-9ef4-b18478338bc8','地 址：','td','2015-02-21 15:50:14'),(695,9,'6e6068a3-9212-4032-b40d-d57247526a50','8c3be42c-9317-4005-9423-ad981696e604','临沂经济技术开发区·中印软件产业园沃尔沃路与合肥路交汇处','td','2015-02-21 15:50:14'),(696,10,'58c72f5c-234b-4f05-8f30-626dd3fed76e','2ab28c1c-56b6-4c70-a62a-bd9633d1afcc','关于拓普_弱电工程丨软件定制丨网站建设丨物联网应用 临沂 ...|http://www.iamtop.com/','a','2015-02-21 15:56:13'),(697,10,'58c72f5c-234b-4f05-8f30-626dd3fed76e','3328705c-aca9-4b54-aed8-e543890bcd02','http://www.iamtop.com/','a','2015-02-21 15:56:13'),(698,10,'58c72f5c-234b-4f05-8f30-626dd3fed76e','4be3570b-d0bd-4a4e-9618-30a0be8166bf','http://cn.bing.com/th?id=Rl%2bDy6Eb2%2fQ425fPCLGJCpgTznjTdVJjZBfMgrG%2bU%2fwoA_S6rEkZcyKer0cBw&w=128&h=72&c=8&pid=5.1','img','2015-02-21 15:56:13'),(699,10,'58c72f5c-234b-4f05-8f30-626dd3fed76e','4f2ea5dc-7ab2-4b76-8d99-39d64f726530','临沂市拓普网络股份有限公司拥有大批印度籍专业人才，致力于为用户提供一流的建筑智能化施工设计、嵌入式软件开发、物联网应用、企业建站等方案，为山东 ...','p','2015-02-21 15:56:13'),(700,10,'58c72f5c-234b-4f05-8f30-626dd3fed76e','a7445f2a-c240-428c-8590-63a50798d0c8','  2015-2-12','div','2015-02-21 15:56:13'),(701,10,'58c72f5c-234b-4f05-8f30-626dd3fed76e','ac6d8b81-7010-4a8c-bc70-d308e4d766df','','img','2015-02-21 15:56:13'),(702,10,'58c72f5c-234b-4f05-8f30-626dd3fed76e','6e8a8d6a-cc31-4a74-9589-c4ce70bb88ff','该网站已通过验证','div','2015-02-21 15:56:13'),(703,10,'58c72f5c-234b-4f05-8f30-626dd3fed76e','bad525c6-ad67-40a4-b11a-4aec77952f7e','','img','2015-02-21 15:56:13'),(704,10,'58c72f5c-234b-4f05-8f30-626dd3fed76e','525abda7-f524-401c-9467-656e92ab2e26','中网可信网站|http://ss.knet.cn/verifyseal.dll?sn=e12041937130018397301505&userid=Cy9UWDig8bsUXih1&time=1424505373&stoken=03B224406217A5836B5B358F546A9527&dn=www.iamtop.com','a','2015-02-21 15:56:13'),(705,10,'58c72f5c-234b-4f05-8f30-626dd3fed76e','1ee3c96a-a021-418a-8517-d740464c03a7','www..com','cite','2015-02-21 15:56:13'),(706,10,'58c72f5c-234b-4f05-8f30-626dd3fed76e','189382de-1e97-4d5a-9ac0-16c0fb65d9bd','iamtop','strong','2015-02-21 15:56:13'),(707,10,'58c72f5c-234b-4f05-8f30-626dd3fed76e','8b6a9697-808b-410c-b4c6-37e3047a7a7a','网易免费企业邮箱 -- 自主域名，企业专属|http://mail.iamtop.net/','a','2015-02-21 15:56:13'),(708,10,'58c72f5c-234b-4f05-8f30-626dd3fed76e','ce9350e7-df7e-4b65-80c5-aab50987c310','网易免费企业邮箱，个性化商务邮局，有域名就能创建“个性帐号@自主域名”的邮箱帐号，每域下默认创建200个帐号，拥有强大反垃圾技术，收发高速稳定，管理界面简单 ...','p','2015-02-21 15:56:13'),(709,10,'58c72f5c-234b-4f05-8f30-626dd3fed76e','c2ca8352-cb63-41da-a3bf-55c71bbcc214','mail..net','cite','2015-02-21 15:56:13'),(710,10,'58c72f5c-234b-4f05-8f30-626dd3fed76e','36480fcd-3101-4f46-9c56-c32a05cdd228','iamtop','strong','2015-02-21 15:56:13'),(711,10,'58c72f5c-234b-4f05-8f30-626dd3fed76e','c6bfd7ec-1ecf-4ddb-96bd-98e9d9b60d81','网站访问报错|http://www.iamtop.net/','a','2015-02-21 15:56:13'),(712,10,'58c72f5c-234b-4f05-8f30-626dd3fed76e','6f21144f-2976-4bd8-8964-f6094f3b4ed1','抱歉！该网站可能由于以下原因无法访问！ >>1、您访问的域名未绑定至主机； 解决方法：需要网站管理员登录万网主机控制面板绑定域名。 >>2、您正在使用IP访问；','p','2015-02-21 15:56:13'),(713,10,'58c72f5c-234b-4f05-8f30-626dd3fed76e','cad60130-7c0a-4556-8ee3-27598a3de07c','  2014-8-15','div','2015-02-21 15:56:13'),(714,10,'58c72f5c-234b-4f05-8f30-626dd3fed76e','2df868ab-2ca9-46a7-ad91-67879b41792d','','img','2015-02-21 15:56:13'),(715,10,'58c72f5c-234b-4f05-8f30-626dd3fed76e','590bfff8-286f-435a-aad5-0c1d1c5e2032','该网站已通过验证','div','2015-02-21 15:56:13'),(716,10,'58c72f5c-234b-4f05-8f30-626dd3fed76e','d8b85d9c-4032-49fa-a42e-805aa9c494cf','','img','2015-02-21 15:56:13'),(717,10,'58c72f5c-234b-4f05-8f30-626dd3fed76e','c5a08cf9-8d13-4986-a957-6e15878bbb7e','中网可信网站|http://ss.knet.cn/verifyseal.dll?sn=e12041937130018397301505&userid=Cy9UWDig8bsUXih1&time=1424505373&stoken=03B224406217A5836B5B358F546A9527&dn=www.iamtop.net','a','2015-02-21 15:56:13'),(718,10,'58c72f5c-234b-4f05-8f30-626dd3fed76e','7209fab3-1bc5-4245-8a95-28251982f048','www..net','cite','2015-02-21 15:56:13'),(719,10,'58c72f5c-234b-4f05-8f30-626dd3fed76e','e57cfd7d-9fc0-47a1-b562-06a7a4ef4c99','iamtop','strong','2015-02-21 15:56:13'),(720,10,'58c72f5c-234b-4f05-8f30-626dd3fed76e','a9337b71-4b69-409d-9a4b-0de4460c5122','Site de top - .FR - Retrouvez tout les tops …|http://iamtop.fr/','a','2015-02-21 15:56:13'),(721,10,'58c72f5c-234b-4f05-8f30-626dd3fed76e','4425bfc5-8e92-406b-8aa6-8d957a0b6cb5','IAMTOP','strong','2015-02-21 15:56:13'),(722,10,'58c72f5c-234b-4f05-8f30-626dd3fed76e','5b7fc7f1-400e-46c6-b77a-79dae749bfca','翻译此页|http://www.microsofttranslator.com/bv.aspx?ref=SERP&br=ro&mkt=zh-CN&dl=zh&lp=FR_ZH-CHS&a=http%3a%2f%2fiamtop.fr%2f','a','2015-02-21 15:56:13'),(723,10,'58c72f5c-234b-4f05-8f30-626dd3fed76e','8621fe03-fcb4-4eb0-b309-803ad5a3c2b6','Retrouvez tout les derniers tops et les vidéos du moment sur le site de top .FR','p','2015-02-21 15:56:13'),(724,10,'58c72f5c-234b-4f05-8f30-626dd3fed76e','1df680c3-4665-41cf-857b-4ef1425e9cd0','IAMTOP','strong','2015-02-21 15:56:13'),(725,10,'58c72f5c-234b-4f05-8f30-626dd3fed76e','4bdfa7f4-e3cf-4a06-b4a3-a0352b8870d2','.fr','cite','2015-02-21 15:56:13'),(726,10,'58c72f5c-234b-4f05-8f30-626dd3fed76e','3158d839-db10-492d-a1e6-d46fe4643168','iamtop','strong','2015-02-21 15:56:13'),(727,10,'58c72f5c-234b-4f05-8f30-626dd3fed76e','6e0509a1-8db4-4b17-9214-9e9c7c9e0909','的家-第1页-杭州19楼|http://www.19lou.com/user/profile-11977904-1.html','a','2015-02-21 15:56:13'),(728,10,'58c72f5c-234b-4f05-8f30-626dd3fed76e','6c2119c7-0898-4dd7-9c34-ff8afd6e5372','IAMTOP','strong','2015-02-21 15:56:13'),(729,10,'58c72f5c-234b-4f05-8f30-626dd3fed76e','95213e1f-a0d2-430f-80f1-50d1bfdad939','发表帖子 “ 咨询违章处理流程和地点 ” 为什么在网上查了半天也没找到一个权威的违章处理流程和处理地点的介绍啊？包括那个公安交通网，一点也不人性 ...','p','2015-02-21 15:56:13'),(730,10,'58c72f5c-234b-4f05-8f30-626dd3fed76e','9c7b2995-d6ad-4e4b-aeff-2eeefa175051','IAMTOP','strong','2015-02-21 15:56:13'),(731,10,'58c72f5c-234b-4f05-8f30-626dd3fed76e','d243906d-63ed-4a77-8d61-81c2d636d407','2013-8-16','div','2015-02-21 15:56:13'),(732,10,'58c72f5c-234b-4f05-8f30-626dd3fed76e','66f248a6-6844-4eac-b595-f6d2934340b3','www.19lou.com/user/profile-11977904-1.html','cite','2015-02-21 15:56:13'),(733,10,'58c72f5c-234b-4f05-8f30-626dd3fed76e','82b1bf9b-52a9-403d-8aa3-1dfff6749885','服务热线 - 服务热线 - 服务中心 - 关于拓普_弱电工程丨软件 ...|http://www.iamtop.com/index.php?r=fwzx/19/297','a','2015-02-21 15:56:13'),(734,10,'58c72f5c-234b-4f05-8f30-626dd3fed76e','e982236c-9200-4e9a-b1d3-dd43b578c55f','软件服务信箱： service@.net 返回 打印 关闭 相关内容 版权所有 © 1999-2013 临沂市拓普网络股份有限公司 经营许可证编号：鲁B2-20041049号 ...','p','2015-02-21 15:56:13'),(735,10,'58c72f5c-234b-4f05-8f30-626dd3fed76e','3245b589-81bb-4845-8293-b09b977829d1','iamtop','strong','2015-02-21 15:56:13'),(736,10,'58c72f5c-234b-4f05-8f30-626dd3fed76e','ba5484c9-7105-4193-8d14-c458effd8c3f','2010-11-17','div','2015-02-21 15:56:13'),(737,10,'58c72f5c-234b-4f05-8f30-626dd3fed76e','d14169e8-6d38-4c23-9d6d-8f29800b5181','www..com/index.php?r=fwzx/19/297','cite','2015-02-21 15:56:13'),(738,10,'58c72f5c-234b-4f05-8f30-626dd3fed76e','832e9fe4-0054-46e6-836f-3b6cf2a8b1c6','iamtop','strong','2015-02-21 15:56:13'),(739,10,'58c72f5c-234b-4f05-8f30-626dd3fed76e','ddd1649d-be85-453b-a946-fb756d003a4c','拓普网 | www..com|http://www.hangye5.com/site/68435.html','a','2015-02-21 15:56:13'),(740,10,'58c72f5c-234b-4f05-8f30-626dd3fed76e','d6678d76-7d0c-4362-a5ca-bf86bb4009d1','iamtop','strong','2015-02-21 15:56:13'),(741,10,'58c72f5c-234b-4f05-8f30-626dd3fed76e','fadd2359-dd2e-4895-83b5-66abe02db2fb','拓普网 www..com的网站简介。 ... 网站内容：拓普网 http://www..com 网站分类：B2B - 世界B2B网址大全 - 国内行业B2B','p','2015-02-21 15:56:13'),(742,10,'58c72f5c-234b-4f05-8f30-626dd3fed76e','0f1f56ad-cf72-410e-82b0-72c657fdfdc8','iamtop','strong','2015-02-21 15:56:13'),(743,10,'58c72f5c-234b-4f05-8f30-626dd3fed76e','06776857-e9d3-412c-ae92-ee5c47bd0557','iamtop','strong','2015-02-21 15:56:13'),(744,10,'58c72f5c-234b-4f05-8f30-626dd3fed76e','97000b31-5c5c-48b5-95d2-37c03ef35203','2011-10-22','div','2015-02-21 15:56:13'),(745,10,'58c72f5c-234b-4f05-8f30-626dd3fed76e','76e6a615-5b46-47d3-9cf7-3d5e52b1f535','www.hangye5.com/site/68435.html','cite','2015-02-21 15:56:13'),(746,10,'58c72f5c-234b-4f05-8f30-626dd3fed76e','8eba6833-cef4-46ab-809b-2748c0f33ab1','山东临沂拓普网络有限公司,www..com|http://www.com633.com/www/iamtop-com-3156.html','a','2015-02-21 15:56:13'),(747,10,'58c72f5c-234b-4f05-8f30-626dd3fed76e','91630fc4-68b1-495d-bedf-4093de96f073','iamtop','strong','2015-02-21 15:56:13'),(748,10,'58c72f5c-234b-4f05-8f30-626dd3fed76e','b9a9f9e2-02d2-44bf-bdbe-bc75f9c6aa95','山东临沂拓普网络有限公司,www..com，山东临沂拓普网络有限公司网络公司，山东临沂拓普网络有限公司成立于1999年，注册资金1000万元，主要经营软件研发、射频 ...','p','2015-02-21 15:56:13'),(749,10,'58c72f5c-234b-4f05-8f30-626dd3fed76e','f1263efc-cb3a-4211-8bb2-6ffe3a1ad9d8','iamtop','strong','2015-02-21 15:56:13'),(750,10,'58c72f5c-234b-4f05-8f30-626dd3fed76e','a4b496a8-ca5b-4725-b22c-0001546092c7','2014-3-30','div','2015-02-21 15:56:13'),(751,10,'58c72f5c-234b-4f05-8f30-626dd3fed76e','c701394f-66e2-4a12-adf3-ef3a17014f4b','www.com633.com/www/-com-3156.html','cite','2015-02-21 15:56:14'),(752,10,'58c72f5c-234b-4f05-8f30-626dd3fed76e','780e9734-7cb8-4256-a8a2-c1de32add7d9','iamtop','strong','2015-02-21 15:56:14'),(753,10,'58c72f5c-234b-4f05-8f30-626dd3fed76e','2212a3a2-b622-4381-9795-99dc93880ce1','的个人资料-ChinaUnix.net|http://bbs.chinaunix.net/space-username-Iamtop.html','a','2015-02-21 15:56:14'),(754,10,'58c72f5c-234b-4f05-8f30-626dd3fed76e','07c54bdf-d400-46dc-afa8-48269ae0f765','Iamtop','strong','2015-02-21 15:56:14'),(755,10,'58c72f5c-234b-4f05-8f30-626dd3fed76e','d14b8f88-18f5-410c-8810-e74860806e18','(UID: 808256) 邮箱状态未验证 视频认证未认证 统计信息 好友数 0 | 回帖数 2 | 主题数 0 性别保密 生日-活跃概况 用户组 白手起家 在线时间1 小时 注册时间2011-02 ...','p','2015-02-21 15:56:14'),(756,10,'58c72f5c-234b-4f05-8f30-626dd3fed76e','87c5297a-097c-4ee8-8af6-5551bd3798ed','Iamtop','strong','2015-02-21 15:56:14'),(757,10,'58c72f5c-234b-4f05-8f30-626dd3fed76e','86ebe447-6837-4bbf-ba2c-da8e6ceeaac6','2013-6-4','div','2015-02-21 15:56:14'),(758,10,'58c72f5c-234b-4f05-8f30-626dd3fed76e','8ff60e04-7a97-4954-9d97-91e93ed38aae','bbs.chinaunix.net/space-username-.html','cite','2015-02-21 15:56:14'),(759,10,'58c72f5c-234b-4f05-8f30-626dd3fed76e','daec7ed0-ebe7-4475-8ea3-eae6871b0f75','Iamtop','strong','2015-02-21 15:56:14'),(760,10,'58c72f5c-234b-4f05-8f30-626dd3fed76e','27022b6c-f3f4-4523-a512-d0a77f6b957d','临沂市拓普网络有限公司[www..com]_积木黄页|http://site.gimoo.net/item/163861.html','a','2015-02-21 15:56:14'),(761,10,'58c72f5c-234b-4f05-8f30-626dd3fed76e','d4263c29-fa0d-4b41-b2c1-587ba40ff566','iamtop','strong','2015-02-21 15:56:14'),(762,10,'58c72f5c-234b-4f05-8f30-626dd3fed76e','0b32b247-01c6-496a-8f3c-6716d7a3e7fb','网站名称： 临沂市拓普网络有限公 电子信箱： domain@.com 建站日期： 不详 网站域名： www..com 网站站长： 不详 联系方式： +1 539 812 2578, Fax: +1 ...','p','2015-02-21 15:56:14'),(763,10,'58c72f5c-234b-4f05-8f30-626dd3fed76e','f1f54910-b4f6-4386-ad05-a6a0f345bca9','iamtop','strong','2015-02-21 15:56:14'),(764,10,'58c72f5c-234b-4f05-8f30-626dd3fed76e','5fc2f124-7835-43bc-8336-27829b1adb83','iamtop','strong','2015-02-21 15:56:14'),(765,10,'58c72f5c-234b-4f05-8f30-626dd3fed76e','7cc16514-9bdd-44f2-b9df-1964028dd18f','site.gimoo.net/item/163861.html','cite','2015-02-21 15:56:14'),(766,10,'58c72f5c-234b-4f05-8f30-626dd3fed76e','41667800-09d1-45dc-92a5-57e097d65162','为回应符合本地法律要求的通知，部分搜索结果未予显示。有关详细信息，请参阅。','li','2015-02-21 15:56:14'),(767,10,'58c72f5c-234b-4f05-8f30-626dd3fed76e','fe3b43c0-62be-415c-99b3-467f90c754db','此处|http://onlinehelp.microsoft.com/en-US/bing/ff808447.aspx','a','2015-02-21 15:56:14'),(768,10,'58c72f5c-234b-4f05-8f30-626dd3fed76e','79af5bb3-574c-4bb9-b9c4-961ab3f17b56','10,400 条结果','span','2015-02-21 15:56:14'),(769,10,'58c72f5c-234b-4f05-8f30-626dd3fed76e','61d1c957-18c4-4e13-a17b-ac8bac685ed3','分页','h4','2015-02-21 15:56:14'),(770,10,'58c72f5c-234b-4f05-8f30-626dd3fed76e','192c749f-f896-4b7f-bcad-8042152ef619','1|','a','2015-02-21 15:56:14'),(771,10,'58c72f5c-234b-4f05-8f30-626dd3fed76e','8ec17efa-9468-46f9-aebb-093132a7fb88','2|http://cn.bing.com/search?q=iamtop&go=Submit&qs=n&pq=iamtop&sc=0-0&sp=-1&sk=&cvid=acf50a278cd647ea818fff381b42dfbb&first=11&FORM=PERE','a','2015-02-21 15:56:14'),(772,10,'58c72f5c-234b-4f05-8f30-626dd3fed76e','0f94cfdd-f580-4f2b-b8b7-9729e1bffb03','3|http://cn.bing.com/search?q=iamtop&go=Submit&qs=n&pq=iamtop&sc=0-0&sp=-1&sk=&cvid=acf50a278cd647ea818fff381b42dfbb&first=21&FORM=PERE1','a','2015-02-21 15:56:14'),(773,10,'58c72f5c-234b-4f05-8f30-626dd3fed76e','43abc4b5-51b1-4084-be3c-3f3aaddb4641','4|http://cn.bing.com/search?q=iamtop&go=Submit&qs=n&pq=iamtop&sc=0-0&sp=-1&sk=&cvid=acf50a278cd647ea818fff381b42dfbb&first=31&FORM=PERE2','a','2015-02-21 15:56:14'),(774,10,'58c72f5c-234b-4f05-8f30-626dd3fed76e','d882573c-79f1-4889-b4c3-c94f73442e74','5|http://cn.bing.com/search?q=iamtop&go=Submit&qs=n&pq=iamtop&sc=0-0&sp=-1&sk=&cvid=acf50a278cd647ea818fff381b42dfbb&first=41&FORM=PERE3','a','2015-02-21 15:56:14'),(775,10,'58c72f5c-234b-4f05-8f30-626dd3fed76e','0d4c3916-668a-48a7-a6eb-439576878fee','http://cn.bing.com/search?q=iamtop&go=Submit&qs=n&pq=iamtop&sc=0-0&sp=-1&sk=&cvid=acf50a278cd647ea818fff381b42dfbb&first=11&FORM=PORE','a','2015-02-21 15:56:14'),(776,10,'58c72f5c-234b-4f05-8f30-626dd3fed76e','58c8925c-96d1-4f86-8a2b-b39e45757d71','下一页','div','2015-02-21 15:56:14');
/*!40000 ALTER TABLE `page_data_info` ENABLE KEYS */;
UNLOCK TABLES;

--
-- Table structure for table `page_url_info`
--

DROP TABLE IF EXISTS `page_url_info`;
/*!40101 SET @saved_cs_client     = @@character_set_client */;
/*!40101 SET character_set_client = utf8 */;
CREATE TABLE `page_url_info` (
  `id` bigint(20) NOT NULL auto_increment,
  `url` text character set latin1,
  `element` varchar(50) character set latin1 default NULL,
  `attribute` varchar(50) character set latin1 default NULL,
  `value` varchar(50) character set latin1 default NULL,
  `extracted_date` varchar(100) character set latin1 default NULL,
  PRIMARY KEY  (`id`)
) ENGINE=InnoDB DEFAULT CHARSET=utf8;
/*!40101 SET character_set_client = @saved_cs_client */;

--
-- Dumping data for table `page_url_info`
--

LOCK TABLES `page_url_info` WRITE;
/*!40000 ALTER TABLE `page_url_info` DISABLE KEYS */;
INSERT INTO `page_url_info` VALUES (1,'http://jd.com/','div','class','mc','2015-02-21 15:22:38'),(2,'http://jd.com/','div','class','mc','2015-02-21 15:24:59'),(3,'http://stackoverflow.com/questions/26600444/using-jsoup-to-select-classes-and-id','div','class','answers','2015-02-21 15:37:24'),(4,'http://stackoverflow.com/questions/26600444/using-jsoup-to-select-classes-and-id','div','class','answers','2015-02-21 15:39:53'),(5,'http://stackoverflow.com/questions/26600444/using-jsoup-to-select-classes-and-id','div','class','answers','2015-02-21 15:43:44'),(6,'http://stackoverflow.com/questions/26600444/using-jsoup-to-select-classes-and-id','div','id','answers','2015-02-21 15:44:24'),(7,'http://iamtop.net/','div','class','gsxw_r','2015-02-21 15:47:39'),(8,'http://iamtop.net/','dl','id','gsxw','2015-02-21 15:49:16'),(9,'http://iamtop.net/','dl','id','lxwm','2015-02-21 15:50:13'),(10,'http://www.bing.com/search?q=iamtop&go=Submit&qs=n&form=QBLH&pq=iamtop&sc=0-0&sp=-1&sk=&cvid=acf50a278cd647ea818fff381b42dfbb','ol','id','b_results','2015-02-21 15:56:12');
/*!40000 ALTER TABLE `page_url_info` ENABLE KEYS */;
UNLOCK TABLES;

--
-- Table structure for table `sys_area_city`
--

DROP TABLE IF EXISTS `sys_area_city`;
/*!40101 SET @saved_cs_client     = @@character_set_client */;
/*!40101 SET character_set_client = utf8 */;
CREATE TABLE `sys_area_city` (
  `id` int(11) NOT NULL auto_increment,
  `city_id` varchar(4) NOT NULL,
  `city` varchar(50) NOT NULL,
  `province_id` varchar(2) NOT NULL,
  PRIMARY KEY  (`id`)
) ENGINE=InnoDB DEFAULT CHARSET=utf8;
/*!40101 SET character_set_client = @saved_cs_client */;

--
-- Dumping data for table `sys_area_city`
--

LOCK TABLES `sys_area_city` WRITE;
/*!40000 ALTER TABLE `sys_area_city` DISABLE KEYS */;
/*!40000 ALTER TABLE `sys_area_city` ENABLE KEYS */;
UNLOCK TABLES;

--
-- Table structure for table `sys_area_county`
--

DROP TABLE IF EXISTS `sys_area_county`;
/*!40101 SET @saved_cs_client     = @@character_set_client */;
/*!40101 SET character_set_client = utf8 */;
CREATE TABLE `sys_area_county` (
  `id` int(11) NOT NULL auto_increment,
  `county_id` varchar(6) NOT NULL,
  `county` varchar(50) NOT NULL,
  `city_id` varchar(4) NOT NULL,
  `county_value` varchar(2) default NULL,
  PRIMARY KEY  (`id`)
) ENGINE=InnoDB DEFAULT CHARSET=utf8;
/*!40101 SET character_set_client = @saved_cs_client */;

--
-- Dumping data for table `sys_area_county`
--

LOCK TABLES `sys_area_county` WRITE;
/*!40000 ALTER TABLE `sys_area_county` DISABLE KEYS */;
/*!40000 ALTER TABLE `sys_area_county` ENABLE KEYS */;
UNLOCK TABLES;

--
-- Table structure for table `sys_area_province`
--

DROP TABLE IF EXISTS `sys_area_province`;
/*!40101 SET @saved_cs_client     = @@character_set_client */;
/*!40101 SET character_set_client = utf8 */;
CREATE TABLE `sys_area_province` (
  `id` int(11) NOT NULL auto_increment,
  `province_id` varchar(2) NOT NULL,
  `province` varchar(50) NOT NULL,
  `province_for_short` varchar(20) NOT NULL,
  `province_for_bus_no` varchar(20) default NULL,
  PRIMARY KEY  (`id`)
) ENGINE=InnoDB DEFAULT CHARSET=utf8;
/*!40101 SET character_set_client = @saved_cs_client */;

--
-- Dumping data for table `sys_area_province`
--

LOCK TABLES `sys_area_province` WRITE;
/*!40000 ALTER TABLE `sys_area_province` DISABLE KEYS */;
/*!40000 ALTER TABLE `sys_area_province` ENABLE KEYS */;
UNLOCK TABLES;

--
-- Table structure for table `sys_attachment`
--

DROP TABLE IF EXISTS `sys_attachment`;
/*!40101 SET @saved_cs_client     = @@character_set_client */;
/*!40101 SET character_set_client = utf8 */;
CREATE TABLE `sys_attachment` (
  `id` int(11) NOT NULL auto_increment,
  `file_name` varchar(500) NOT NULL,
  `file_path` varchar(500) NOT NULL,
  `rid` varchar(100) NOT NULL,
  PRIMARY KEY  (`id`)
) ENGINE=InnoDB DEFAULT CHARSET=utf8;
/*!40101 SET character_set_client = @saved_cs_client */;

--
-- Dumping data for table `sys_attachment`
--

LOCK TABLES `sys_attachment` WRITE;
/*!40000 ALTER TABLE `sys_attachment` DISABLE KEYS */;
/*!40000 ALTER TABLE `sys_attachment` ENABLE KEYS */;
UNLOCK TABLES;

--
-- Table structure for table `sys_organization`
--

DROP TABLE IF EXISTS `sys_organization`;
/*!40101 SET @saved_cs_client     = @@character_set_client */;
/*!40101 SET character_set_client = utf8 */;
CREATE TABLE `sys_organization` (
  `id` int(11) NOT NULL auto_increment,
  `unit_code` varchar(100) default NULL,
  `unit_name` varchar(50) NOT NULL,
  `pid` int(11) default NULL,
  `area` char(10) default NULL,
  `remark` varchar(30) default NULL,
  PRIMARY KEY  (`id`)
) ENGINE=InnoDB DEFAULT CHARSET=utf8;
/*!40101 SET character_set_client = @saved_cs_client */;

--
-- Dumping data for table `sys_organization`
--

LOCK TABLES `sys_organization` WRITE;
/*!40000 ALTER TABLE `sys_organization` DISABLE KEYS */;
/*!40000 ALTER TABLE `sys_organization` ENABLE KEYS */;
UNLOCK TABLES;

--
-- Table structure for table `sys_parameter`
--

DROP TABLE IF EXISTS `sys_parameter`;
/*!40101 SET @saved_cs_client     = @@character_set_client */;
/*!40101 SET character_set_client = utf8 */;
CREATE TABLE `sys_parameter` (
  `id` bigint(20) NOT NULL auto_increment,
  `uuid` varchar(255) NOT NULL default '',
  `category` varchar(255) default NULL,
  `subcategory` varchar(255) default NULL,
  `name` varchar(255) NOT NULL,
  `value` varchar(255) NOT NULL,
  `remark` varchar(255) default NULL,
  `short_name` varchar(255) default NULL,
  `sort` int(11) default NULL,
  `parent_id` int(20) default NULL,
  PRIMARY KEY  (`id`)
) ENGINE=InnoDB DEFAULT CHARSET=utf8;
/*!40101 SET character_set_client = @saved_cs_client */;

--
-- Dumping data for table `sys_parameter`
--

LOCK TABLES `sys_parameter` WRITE;
/*!40000 ALTER TABLE `sys_parameter` DISABLE KEYS */;
/*!40000 ALTER TABLE `sys_parameter` ENABLE KEYS */;
UNLOCK TABLES;

--
-- Table structure for table `sys_permission`
--

DROP TABLE IF EXISTS `sys_permission`;
/*!40101 SET @saved_cs_client     = @@character_set_client */;
/*!40101 SET character_set_client = utf8 */;
CREATE TABLE `sys_permission` (
  `id` bigint(20) NOT NULL auto_increment,
  `pid` bigint(20) NOT NULL,
  `ckey` varchar(255) NOT NULL,
  `pkey` varchar(255) NOT NULL,
  `name` varchar(255) NOT NULL,
  `value` varchar(255) NOT NULL,
  `permission_type` varchar(255) default NULL,
  `sort` int(11) default '0',
  PRIMARY KEY  (`id`)
) ENGINE=InnoDB DEFAULT CHARSET=utf8;
/*!40101 SET character_set_client = @saved_cs_client */;

--
-- Dumping data for table `sys_permission`
--

LOCK TABLES `sys_permission` WRITE;
/*!40000 ALTER TABLE `sys_permission` DISABLE KEYS */;
INSERT INTO `sys_permission` VALUES (1,0,'bc914d00-6837-492c-8f99-471b2176bdb4','0','ç³»ç»Ÿè®¾ç½®','menu:setting','2',0),(2,1,'d2274a49-74a6-4d0c-b7a8-0f16d125b4c0','bc914d00-6837-492c-8f99-471b2176bdb4','ç”¨æˆ·ç®¡ç†','menu:user','2',0),(3,1,'d271d733-4e57-4181-9f5f-730b53b4edc8','bc914d00-6837-492c-8f99-471b2176bdb4','è§’è‰²ç®¡ç†','menu:role','2',0),(4,1,'92c2b77c-6e77-4eaf-aa43-cfba4c3da583','bc914d00-6837-492c-8f99-471b2176bdb4','æƒé™ç®¡ç†','menu:permisson','2',0),(5,1,'c66f2469-ce0e-4e52-9d31-c9940df79ebe','bc914d00-6837-492c-8f99-471b2176bdb4','å‚æ•°ç®¡ç†','menu:parameter','2',0);
/*!40000 ALTER TABLE `sys_permission` ENABLE KEYS */;
UNLOCK TABLES;

--
-- Table structure for table `sys_role`
--

DROP TABLE IF EXISTS `sys_role`;
/*!40101 SET @saved_cs_client     = @@character_set_client */;
/*!40101 SET character_set_client = utf8 */;
CREATE TABLE `sys_role` (
  `id` bigint(20) NOT NULL auto_increment,
  `name` varchar(255) NOT NULL,
  `role_type` varchar(255) default NULL,
  `pid` bigint(20) default NULL,
  `remark` text,
  PRIMARY KEY  (`id`)
) ENGINE=InnoDB DEFAULT CHARSET=utf8;
/*!40101 SET character_set_client = @saved_cs_client */;

--
-- Dumping data for table `sys_role`
--

LOCK TABLES `sys_role` WRITE;
/*!40000 ALTER TABLE `sys_role` DISABLE KEYS */;
INSERT INTO `sys_role` VALUES (1,'è¶…çº§ç®¡ç†å‘˜','cb6e6022-955e-4978-ae2c-afa392be5ebf',0,'æ‹¥æœ‰æœ€é«˜æƒé™');
/*!40000 ALTER TABLE `sys_role` ENABLE KEYS */;
UNLOCK TABLES;

--
-- Table structure for table `sys_role_permission`
--

DROP TABLE IF EXISTS `sys_role_permission`;
/*!40101 SET @saved_cs_client     = @@character_set_client */;
/*!40101 SET character_set_client = utf8 */;
CREATE TABLE `sys_role_permission` (
  `role_id` bigint(20) NOT NULL,
  `permission` varchar(255) NOT NULL
) ENGINE=InnoDB DEFAULT CHARSET=utf8;
/*!40101 SET character_set_client = @saved_cs_client */;

--
-- Dumping data for table `sys_role_permission`
--

LOCK TABLES `sys_role_permission` WRITE;
/*!40000 ALTER TABLE `sys_role_permission` DISABLE KEYS */;
INSERT INTO `sys_role_permission` VALUES (1,'menu:parameter'),(1,'menu:permisson'),(1,'menu:role'),(1,'menu:user'),(1,'menu:setting'),(1,'menu:setting'),(1,'menu:setting');
/*!40000 ALTER TABLE `sys_role_permission` ENABLE KEYS */;
UNLOCK TABLES;

--
-- Table structure for table `sys_user`
--

DROP TABLE IF EXISTS `sys_user`;
/*!40101 SET @saved_cs_client     = @@character_set_client */;
/*!40101 SET character_set_client = utf8 */;
CREATE TABLE `sys_user` (
  `id` bigint(20) NOT NULL auto_increment,
  `login_name` varchar(18) NOT NULL,
  `name` varchar(200) default NULL,
  `password` varchar(100) default NULL,
  `salt` varchar(64) default NULL,
  `area` varchar(10) default NULL,
  `user_type` int(11) NOT NULL,
  `register_date` varchar(100) default NULL,
  `user_status` int(11) default '0',
  `theme` varchar(100) NOT NULL,
  PRIMARY KEY  (`id`)
) ENGINE=InnoDB DEFAULT CHARSET=utf8;
/*!40101 SET character_set_client = @saved_cs_client */;

--
-- Dumping data for table `sys_user`
--

LOCK TABLES `sys_user` WRITE;
/*!40000 ALTER TABLE `sys_user` DISABLE KEYS */;
INSERT INTO `sys_user` VALUES (1,'admin','è¶…çº§ç®¡ç†å‘˜','af27c8816506bf1b6705b50866f9cde0a67401cb','eb69619a75232f52','371401',0,'0',0,'bootstrap'),(2,'user','user','fc4b2d83355003aa9649ddcb47a38a4f957636e4','cba97144a760fd39',NULL,0,NULL,0,'bootstrap');
/*!40000 ALTER TABLE `sys_user` ENABLE KEYS */;
UNLOCK TABLES;

--
-- Table structure for table `sys_user_role`
--

DROP TABLE IF EXISTS `sys_user_role`;
/*!40101 SET @saved_cs_client     = @@character_set_client */;
/*!40101 SET character_set_client = utf8 */;
CREATE TABLE `sys_user_role` (
  `user_id` bigint(20) NOT NULL,
  `role_id` bigint(20) NOT NULL,
  KEY `user_id_index` (`user_id`),
  KEY `role_id_index` (`role_id`)
) ENGINE=InnoDB DEFAULT CHARSET=utf8;
/*!40101 SET character_set_client = @saved_cs_client */;

--
-- Dumping data for table `sys_user_role`
--

LOCK TABLES `sys_user_role` WRITE;
/*!40000 ALTER TABLE `sys_user_role` DISABLE KEYS */;
INSERT INTO `sys_user_role` VALUES (1,1);
/*!40000 ALTER TABLE `sys_user_role` ENABLE KEYS */;
UNLOCK TABLES;
/*!40103 SET TIME_ZONE=@OLD_TIME_ZONE */;

/*!40101 SET SQL_MODE=@OLD_SQL_MODE */;
/*!40014 SET FOREIGN_KEY_CHECKS=@OLD_FOREIGN_KEY_CHECKS */;
/*!40014 SET UNIQUE_CHECKS=@OLD_UNIQUE_CHECKS */;
/*!40101 SET CHARACTER_SET_CLIENT=@OLD_CHARACTER_SET_CLIENT */;
/*!40101 SET CHARACTER_SET_RESULTS=@OLD_CHARACTER_SET_RESULTS */;
/*!40101 SET COLLATION_CONNECTION=@OLD_COLLATION_CONNECTION */;
/*!40111 SET SQL_NOTES=@OLD_SQL_NOTES */;

-- Dump completed on 2015-02-22 13:53:02
